meter_id,avg_daily_consumption,peak_load,std_consumption,cv,winter_summer_ratio,night_ratio,morning_ratio,day_ratio,evening_ratio,temp_corr,cluster
1,51.2713,15.01,2.1549962,1.0087497,0.8304632,0.18389527,0.27102196,0.4541298,0.09095304,0.1512200380852599,2
10,26.312183,3.69,0.42902437,0.39132383,0.75475985,0.2290616,0.19461808,0.39298722,0.18333317,0.5459364191931749,0
100,29.52452,18.99,2.1844485,1.7757025,0.9578297,0.11777938,0.24996337,0.6035547,0.028702568,-0.005910998676954144,2
11,37.67178,7.03,0.65248257,0.4156847,0.96104354,0.26776424,0.154672,0.38512495,0.19243886,0.03190844106389818,0
12,60.490074,22.52,3.1984808,1.269027,1.0245868,0.44917122,0.1743728,0.26883635,0.10761965,-0.028793463914294583,2
13,55.146355,5.882,2.3906248,1.0404131,2.0392623,0.6730872,0.036507692,0.041711524,0.2486936,-0.8751579070439216,3
14,50.664574,5.862,2.2118034,1.0477396,2.283538,0.6697937,0.046003945,0.038522862,0.24567953,-0.8666668605832805,3
15,32.397247,17.114,2.30659,1.7087303,1.853507,0.11070332,0.20464325,0.41187936,0.27277407,-0.42903913662175697,2
16,84.88748,11.39,2.1034179,0.5946934,0.48185617,0.24058026,0.25497517,0.39884728,0.105597325,0.7917516250911789,0
17,34.784866,6.428,0.9542867,0.6584151,1.0410153,0.4654439,0.07638294,0.20995817,0.24821499,-0.08922363187716865,0
18,74.70348,8.353,3.1262512,1.0043712,1.9586105,0.59204143,0.06532679,0.06296522,0.2796665,-0.8410479440857324,3
19,26.793385,4.411,0.46397552,0.41560304,0.8272268,0.26468587,0.12875268,0.41286808,0.19369347,0.5050891323841958,0
2,117.75069,17.32,3.9041781,0.7957514,1.1111571,0.11769992,0.12143043,0.5370505,0.22381918,-0.0734425668788051,0
20,6.3627253,8.019,1.1641438,4.3911138,31.891258,0.32339585,0.262257,0.2663735,0.14797372,-0.3229044665802785,2
21,79.17029,13.23,1.5416365,0.46733788,0.5279699,0.28908324,0.19872354,0.36388382,0.14830942,0.7150180299221081,0
22,131.25159,12.67,1.4428593,0.26383394,0.7661911,0.34628996,0.16788729,0.31576547,0.17005728,0.5655308085266441,0
23,18.90171,2.36,0.8479774,1.0766993,1.6878704,0.70041245,0.037771873,0.03921239,0.22260337,-0.6632793391189561,3
24,112.48813,13.06,4.948549,1.0558017,1.9012862,0.6809926,0.031444613,0.047696427,0.23986632,-0.8621678646871818,3
25,35.58519,3.42,1.5692943,1.0583916,1.8413141,0.68162066,0.037334166,0.045173325,0.23587185,-0.7882484586185695,3
26,14.359144,1.57,0.650485,1.0872264,2.0327382,0.6804544,0.031622965,0.046552997,0.24136971,-0.7020127080864934,3
27,72.56244,10.34,1.5131364,0.5004693,1.1158428,0.21901757,0.116689265,0.4158092,0.24848396,-0.2824784073941491,0
28,132.55441,28.572,3.9920192,0.7227859,0.8215607,0.17536324,0.2546399,0.44968176,0.120315075,0.2877226751816632,1
29,57.739803,5.949,1.0542717,0.43821627,0.9219977,0.19850342,0.1423251,0.40932474,0.24984676,0.3454003538273931,0
3,140.95795,16.41,3.1100214,0.52952325,0.684785,0.18186538,0.10942552,0.46068108,0.24802805,0.7102040421906439,0
30,49.38543,8.28,2.1236494,1.0320369,1.8922852,0.67620623,0.04712317,0.038723074,0.23794755,-0.8465318417966591,3
31,53.677055,9.5,1.5767547,0.7049961,1.8399047,0.27102706,0.24044994,0.36214063,0.12638238,-0.46148861171023936,0
32,48.42144,5.63,0.7314726,0.3625531,0.8170708,0.2378526,0.12998328,0.40284073,0.22932345,0.45207450362170964,0
33,90.29881,12.368,1.8973157,0.50427663,0.7799601,0.19743565,0.162468,0.44073284,0.19936348,0.49059882902541274,0
34,80.44336,8.693,3.389971,1.0113862,1.8214544,0.6591716,0.037586506,0.054632887,0.248609,-0.8881469192944764,3
35,131.24393,12.029,5.520073,1.0094315,1.8332821,0.65029496,0.041487716,0.05789084,0.25032642,-0.8471720963803399,3
36,40.77264,3.832,0.6222668,0.36628494,0.5422461,0.306208,0.19424058,0.35361993,0.14593151,0.8693187655714079,0
37,62.076775,14.195,2.8606005,1.1059597,1.812571,0.6998023,0.02970948,0.028012497,0.24247581,-0.7539411772908422,3
38,48.957397,7.118,1.0832846,0.53105015,1.7726766,0.37118134,0.18848418,0.31978902,0.12054551,-0.7513532216592554,0
39,72.432144,7.017,3.1742134,1.0517584,1.8370832,0.68511087,0.035459425,0.03638895,0.24304074,0.0,3
4,81.501175,13.42,1.6163896,0.47598517,1.0001498,0.1655631,0.19121353,0.4020861,0.24113719,0.06520406046752032,0
40,85.71262,8.69,3.7422166,1.047841,1.7571231,0.69015175,0.039296012,0.03762872,0.23292351,0.0,3
41,89.79941,8.856,3.8426604,1.0269984,1.8284508,0.6690927,0.041198965,0.041795447,0.2479129,0.0,3
42,86.699844,30.309,5.6574917,1.5660905,2.4090831,0.1741877,0.48475635,0.28941524,0.05164074,0.0,2
43,127.63662,13.003,1.8464956,0.3472036,0.6016858,0.28904155,0.21792077,0.34873578,0.1443019,0.796480125348521,0
44,128.50485,14.0,2.3129814,0.43198022,0.4880834,0.273886,0.20587721,0.3811738,0.13906297,0.8024523562903223,0
45,32.647354,11.51,1.5532309,1.1418242,2.1558566,0.1572223,0.22759128,0.5259328,0.08925362,-0.3817928710030712,2
46,74.53849,8.307,3.5096998,1.1300577,1.8427309,0.653026,0.036358792,0.046523836,0.26409137,-0.6990976065421339,3
47,37.222404,17.9,2.555021,1.6474085,2.7853003,0.1240037,0.4303902,0.3825018,0.063104235,-0.45160821162931636,2
48,28.65113,4.184,0.9671261,0.810126,1.0226618,0.44952843,0.12007933,0.2113993,0.21899296,0.01049718961386571,0
49,79.15236,8.592,3.3596663,1.0186936,1.6476471,0.6799409,0.045699053,0.040829938,0.23353015,-0.8159188219193484,3
5,17.805761,2.729,0.33555615,0.45228887,1.1821952,0.2957654,0.2101405,0.36708793,0.12700622,-0.30962151413664163,0
50,28.706343,2.975,1.2248528,1.0240408,1.7761636,0.6751055,0.045516036,0.042071212,0.23730727,-0.8510853931976194,3
51,71.11567,14.63,3.233601,1.0912704,1.7291584,0.20160605,0.19881688,0.3841744,0.2154027,-0.6861359914070116,0
52,53.12677,7.416,1.2978414,0.5862994,0.94838154,0.20157035,0.25146693,0.44164488,0.105317794,0.07774673734796017,0
53,40.08747,31.08,1.9712737,1.1801834,2.6047432,0.29468456,0.17074528,0.34734234,0.18722776,-0.4416732554146414,0
54,70.93933,17.466,2.9623382,1.0022101,1.7315012,0.13039209,0.28214455,0.47193247,0.11553086,-0.35287333110006563,2
55,38.519638,10.139,1.5456288,0.96301764,1.1053221,0.14494736,0.30235735,0.47621438,0.07648095,-0.1032408383809315,2
56,122.15719,13.538,2.2198732,0.43613443,0.82975584,0.18616779,0.184046,0.44298473,0.18680154,0.5379789781298456,0
57,331.5277,37.887,6.27953,0.4545886,0.59882766,0.20358989,0.17073895,0.41908416,0.20658697,0.6674950468154969,1
58,42.909924,11.775,2.202275,1.231757,1.419304,0.12963855,0.2494374,0.56093276,0.059991304,-0.29269786937746295,2
59,96.492065,24.944,5.314491,1.3218474,1.0642669,0.16227174,0.41819018,0.37789944,0.04163854,-0.0734357956523726,2
6,46.653435,9.78,1.5860856,0.8159325,0.80548286,0.19255023,0.3165971,0.40881228,0.08204048,0.3080412713010259,2
60,12.425634,3.133,0.40890595,0.78979814,0.87868,0.13877644,0.065429896,0.48813164,0.307662,0.11688677807202363,0
61,21.88082,8.876,0.5848419,0.6414845,0.5739938,0.26379296,0.12585975,0.440493,0.16985422,0.41493663055789876,0
62,78.7487,10.8625,1.3924779,0.4243812,0.53062165,0.29180774,0.1677802,0.38865256,0.15175945,0.7825143999403055,0
63,50.696114,7.0375,0.6134231,0.29040006,1.2345859,0.28331354,0.17005189,0.3829077,0.16372682,-0.5305927911192959,0
64,272.16385,31.415,11.687201,1.0306028,1.9630336,0.6631314,0.04563237,0.044109415,0.24712683,-0.8068274960912848,3
65,28.617748,3.07,1.1186584,0.93815213,1.7911435,0.6223347,0.06830896,0.060937427,0.24841896,-0.7945442505071059,3
66,48.786106,4.29,1.9244963,0.94674313,1.7839773,0.633362,0.062443748,0.057066284,0.24712798,-0.8861327949014003,3
67,94.6326,9.86,3.7905402,0.961328,1.7061795,0.6423961,0.056374922,0.054292206,0.24693678,-0.8781952587894272,3
68,64.29689,5.68,2.6258945,0.9801636,1.7232815,0.6482512,0.052449614,0.049688485,0.24961084,-0.8152409002413995,3
69,102.76467,9.5225,4.2358427,0.9892527,1.7407235,0.6620974,0.06432319,0.041256197,0.23232324,-0.8391173514876913,3
7,65.33086,11.114,1.141202,0.41923293,0.67277944,0.28501543,0.12542841,0.3535624,0.23599371,0.6506342619454472,0
70,78.012726,7.365,3.2620258,1.0035366,1.7985272,0.6587103,0.050568525,0.045718644,0.2450025,-0.7781951786913495,3
71,69.919235,9.0575,2.104438,0.72235507,6.1511617,0.34341973,0.18927023,0.30661824,0.16069181,-0.8072950626184499,0
72,55.86754,6.475,1.8106704,0.7778415,1.0507579,0.15077092,0.21278937,0.5482083,0.0882314,-0.09603395846507577,0
73,15.581278,4.136,0.5727519,0.8822155,3.7165115,0.23367615,0.2371345,0.41224933,0.1169401,-0.7178332889146256,0
74,29.260683,3.05,1.2672948,1.039452,1.8866749,0.675652,0.039812483,0.041266736,0.24326879,-0.859793056806236,3
75,122.68595,15.189,5.14579,1.0066267,1.8464602,0.6663173,0.051732842,0.04356638,0.23838349,-0.8461307978908548,3
76,60.373344,6.7,2.5173767,1.0007237,1.663674,0.66782165,0.0515191,0.04262266,0.23803657,-0.8101395072104357,3
77,24.257896,4.82,0.6316089,0.624894,0.80182105,0.1600333,0.11648064,0.4743146,0.24917145,0.42190657689313193,0
78,82.59177,8.793,1.3813356,0.4013966,0.5188993,0.29383063,0.20863894,0.35250142,0.14502904,0.8188067152620164,0
79,33.537613,3.33,1.4477792,1.0360518,1.868914,0.669996,0.0428001,0.04171026,0.24549358,-0.8199023188735245,3
8,121.338,26.44,5.762667,1.1398244,0.8391338,0.22273894,0.2186028,0.47336,0.08529828,0.03504199686187663,2
80,46.639988,5.395,2.0176132,1.0382231,1.9612604,0.6592543,0.045974653,0.04743123,0.24733984,-0.7648589627000068,3
81,59.148388,28.54,4.1241426,1.6734086,2.3999634,0.089288406,0.429253,0.43729886,0.044159736,-0.31726498866959296,2
82,121.75047,12.22,5.108325,1.0069759,1.9058892,0.65396404,0.045951873,0.04818239,0.2519017,-0.8787211414576086,3
83,125.37303,14.74,5.573005,1.0668333,2.5796518,0.6321434,0.059500728,0.059592187,0.24876371,-0.7621305794802549,3
84,125.62914,13.032,1.6979684,0.3243773,0.73734444,0.27931863,0.22406124,0.3608366,0.13578352,0.0,0
85,74.33761,9.499,0.9408195,0.30374488,0.6905608,0.2992019,0.19127576,0.35673076,0.15279154,0.0,0
86,39.36924,4.45,1.7407752,1.0611992,1.8625743,0.65697,0.028582562,0.042977683,0.27146968,-0.8841786667139271,3
87,96.24843,10.51,4.26111,1.0625279,1.7612455,0.65847784,0.027735418,0.042724665,0.27106205,-0.8276712244416965,3
88,44.171963,19.264,2.295696,1.247323,3.9284387,0.22988464,0.16561082,0.4098563,0.19464822,0.0,0
89,94.0352,16.498,3.4196916,0.87278587,1.0989625,0.1201886,0.23364161,0.506488,0.13968177,0.0,0
9,42.021595,3.97,1.7273471,0.98654824,1.7106987,0.65286666,0.052702118,0.048034128,0.24639703,-0.803553396068188,3
90,65.40719,29.46,4.3429666,1.593574,2.100098,0.11160552,0.4292158,0.39671665,0.062462058,-0.3906792370217913,2
91,18.697687,8.873,1.2283645,1.5767056,0.7282059,0.1675718,0.23812078,0.4848937,0.10941378,0.14789804326002998,2
92,31.238918,3.75,0.5324575,0.4090724,1.1301641,0.31898525,0.1883859,0.3607572,0.13187166,-0.28768556770119286,0
93,53.534122,5.85,1.1619568,0.5209194,0.42853877,0.24963294,0.20407826,0.40442097,0.14186779,0.8617837174692352,0
94,10.774855,4.14,0.593215,1.321332,1.0520645,0.421415,0.043479215,0.2287152,0.30639058,-0.10048940547777951,3
95,155.49709,13.131,1.7760204,0.27411762,0.8680179,0.3923579,0.13917698,0.27828014,0.19018497,0.4436321441097394,0
96,149.73062,35.31,5.28847,0.84767747,1.4462438,0.20314641,0.2745,0.4232561,0.09909749,-0.3098105393193584,1
97,64.92714,10.447,1.390666,0.5140529,0.83715355,0.20585623,0.13881864,0.42010376,0.23522134,0.33957154128779693,0
98,72.082245,7.86,1.3412966,0.44658872,0.8534048,0.2323096,0.18746927,0.44560108,0.13461998,0.22769087834545831,0
101,232.86307,49.9875,7.289518,0.7512931,0.49515787,0.14908814,0.26216766,0.46756825,0.121175975,0.7999907853409081,1
99,59.136963,13.605,2.4045672,0.9758637,0.6581796,0.17357315,0.31751525,0.4294553,0.07945627,0.3241286676973115,2
102,0.18686634,0.01,0.004152044,0.53326386,1.0075073,0.33744243,0.16526686,0.33080468,0.16648605,-0.04502789857881738,0
103,30.528553,7.24,1.0611786,0.8342447,1.383779,0.32231623,0.1393767,0.27916303,0.25914404,-0.3030841707528768,0
104,137.86693,13.39,2.2349925,0.38906953,1.053695,0.23697074,0.19472806,0.35052398,0.21777722,-0.1868656427417396,0
105,33.871265,4.255,0.47370362,0.3356499,1.0328643,0.30589122,0.14945285,0.32459643,0.22005954,-0.16614290269807203,0
106,36.13772,5.608,0.6243056,0.41461763,1.0415947,0.2069967,0.17067416,0.39696896,0.22536021,-0.12296645945690929,0
107,14.684147,3.19,0.61327726,1.00235,2.0591462,0.20784713,0.34162235,0.35445496,0.09607558,-0.6515625361788541,2
108,19.83642,4.894,0.6701074,0.8107601,0.8212793,0.26756355,0.06699014,0.36072886,0.30471748,0.2731224312809375,0
109,75.05641,16.43,3.4691966,1.1093085,0.047624104,0.20223808,0.17005013,0.419005,0.2087068,0.839162019292643,0
110,47.266632,22.81,3.4199579,1.7365103,1.0062382,0.08888691,0.34490773,0.5171227,0.049082734,0.009871750463365738,2
111,64.04639,18.33,3.4974961,1.3106111,0.71003383,0.09386234,0.29042897,0.56600076,0.049707938,0.19564470091987327,2
112,148.23062,26.71,5.187009,0.83982795,1.0130877,0.15031028,0.094411,0.62817234,0.12710634,-0.0008252330151624532,1
113,21.059374,1.96,0.8973528,1.0226548,1.7088175,0.66719556,0.041303806,0.045528904,0.24597172,-0.7787934619545263,3
114,50.840664,17.195,2.2280986,1.0518031,2.6441424,0.16884321,0.14230765,0.54994905,0.13890013,-0.5339731226959961,0
115,16.022266,6.846,1.1793021,1.7664948,2.0307906,0.07051704,0.35032925,0.54397124,0.03518245,-0.2365840614303046,2
116,32.128407,8.45,0.8956437,0.6690481,1.5935761,0.2076763,0.13751511,0.42497593,0.22983268,-0.5132288405275206,0
117,144.53592,19.27,3.2375767,0.5375954,0.7848843,0.16692649,0.14836532,0.47286552,0.21184266,0.5536025918056229,0
118,116.12685,31.52,5.7436147,1.187036,2.202745,0.12069841,0.27306837,0.49839842,0.107834786,-0.32762072197084646,2
119,140.28088,16.5375,3.1569972,0.5401159,0.9558661,0.17856888,0.12847121,0.47854838,0.21441148,0.12208546681835203,0
120,45.34764,8.325,1.4576358,0.77144605,1.1829493,0.16810554,0.18916872,0.5287266,0.11399918,-0.19332631850050525,0
121,49.420246,12.62,2.6236477,1.2741245,0.7570963,0.066709325,0.36411762,0.54043376,0.028739221,0.14278705069496003,2
122,84.52848,25.5675,3.7530003,1.0655817,2.606624,0.19222185,0.25270852,0.36350456,0.19156502,-0.31427238008595254,0
123,95.1165,29.43,4.1311383,1.0423777,3.4505675,0.20532827,0.24429029,0.43740505,0.11297645,-0.5809905443258933,2
124,86.49207,8.3625,2.0937746,0.58098495,4.770073,0.28873655,0.18330945,0.35080937,0.17714462,-0.8461547608959515,0
125,92.26166,8.36,2.3399773,0.60869765,5.3189545,0.2949023,0.18464883,0.34506875,0.17538007,-0.8459120422430505,0
126,97.15377,12.2725,1.7323223,0.42793745,1.503476,0.21666855,0.2282933,0.37171593,0.18332222,-0.6943452723107865,0
127,15.982498,9.149,0.9160981,1.375652,0.9018393,0.15741226,0.33178115,0.431574,0.0792326,0.06158863817654512,2
128,85.51797,16.1775,2.9756067,0.83508253,1.1585066,0.15808682,0.23682095,0.5184056,0.08668661,-0.19603147380752042,2
129,84.34243,15.6825,3.0593245,0.8705439,0.7944356,0.2065158,0.250693,0.43755412,0.105237156,0.1611798672465686,2
130,14.293074,4.36,0.689859,1.1583663,1.304508,0.5752343,0.13155554,0.19984378,0.09336634,-0.41641854428710456,0
131,53.911663,8.735,1.5892432,0.70748764,1.0493219,0.18831038,0.19513565,0.4943315,0.12222247,-0.06554000938491114,0
132,48.1224,6.505,0.822598,0.41025284,1.1466464,0.22760837,0.18872257,0.39103472,0.1926344,-0.3921062783804033,0
133,67.64258,17.885,2.599417,0.9222891,0.5261169,0.25950795,0.14934735,0.3371372,0.2540075,0.6335905805037676,0
134,13.358215,10.494,0.732977,1.3169011,2.5831003,0.20989658,0.38692877,0.3119762,0.09119847,-0.49204251771543533,2
135,89.012665,8.463,3.7993758,1.024405,1.7855619,0.6747583,0.043652587,0.039950505,0.2416386,-0.8362827494886751,3
136,35.982304,4.91,1.6125923,1.0755903,1.953172,0.6914941,0.031194182,0.036412794,0.24089892,-0.8168797676712045,3
137,78.50903,8.74,3.462773,1.0585604,1.6711645,0.6864147,0.031942,0.03595627,0.245687,-0.7980564749731205,3
138,231.30551,36.175,8.241807,0.85516065,3.7355227,0.6048762,0.0944179,0.13401729,0.16668859,-0.8982072121242013,1
139,45.826958,19.436,1.8842604,0.98680454,1.0176601,0.22800803,0.12170762,0.3304072,0.3198772,-0.08399472847711355,0
140,52.391064,5.2875,1.2357717,0.5660988,4.26771,0.27899885,0.18080641,0.35523415,0.18496059,-0.8517884867326709,0
141,60.23102,10.175,2.0049505,0.7989041,6.981326,0.30696085,0.17882152,0.34369475,0.17052281,-0.6610902411950448,0
142,135.76909,15.96,5.7542877,1.0171896,1.9316262,0.6629461,0.049679637,0.04515475,0.24221951,-0.8307558678822526,3
143,80.75896,8.502,3.57107,1.061253,1.9402617,0.6777181,0.028729703,0.041085836,0.25246638,-0.8642904662787925,3
144,17.883858,26.91,1.104744,1.4825579,2.4998207,0.1805511,0.17793533,0.4155618,0.22595179,-0.396620664646966,2
145,129.25789,13.117,5.4771247,1.0169668,1.8155627,0.6691225,0.04670438,0.044273585,0.23989947,-0.7741513042849417,3
146,11.223389,14.808,0.8349948,1.7855458,6.53001,0.26885748,0.1670201,0.38962847,0.17449398,-0.5006765809199076,2
147,55.01033,17.192,2.0430367,0.8913395,0.35967994,0.217065,0.16277605,0.39623338,0.22392559,0.6056298407271132,0
148,101.821304,9.82,4.4553037,1.0501466,1.8375338,0.676607,0.04027839,0.03905177,0.24406286,-0.8329075541227307,3
149,83.19275,8.085,3.6120086,1.0420164,1.9371248,0.6827184,0.045140456,0.03695411,0.23518708,-0.8403189477536896,3
150,44.431015,5.91,2.0293436,1.0961767,1.7557251,0.68488824,0.037387922,0.035212494,0.24251139,-0.5688033860535793,3
151,49.75817,7.05,2.1497464,1.0368932,2.0774026,0.6356202,0.04360379,0.055442587,0.26533344,-0.8344907893615978,3
152,185.94717,24.77,8.375687,1.0810407,2.7161129,0.63036716,0.054804463,0.059593227,0.25523522,-0.7840358534073272,3
153,192.8418,20.22,3.7344027,0.46476263,0.7116805,0.20133027,0.21936585,0.4494972,0.12980676,0.6175403923383855,0
154,41.111767,33.96,3.600377,2.1018083,16.045546,0.33905348,0.16802497,0.3234502,0.16947132,-0.38781072660110527,2
155,36.17407,9.081,1.320199,0.8758975,0.6816392,0.24133545,0.0821572,0.36264846,0.3138589,0.47478989406220307,0
156,277.2945,22.19,3.124773,0.27045092,1.5281941,0.3325847,0.16850479,0.33155015,0.16736032,-0.7030636913417025,1
157,92.44805,21.685,2.6712608,0.69347334,0.916412,0.21855868,0.23530227,0.40462497,0.1415141,0.06790396880869783,0
158,87.27954,12.8875,1.6280628,0.44768235,2.1484413,0.28593028,0.21971498,0.31253627,0.1818185,-0.8367420678712197,0
159,0.0,0.0,0.0,0.0,0.0,0.0,0.0,0.0,0.0,0.0,0
160,151.90231,14.6175,4.086137,0.6455944,4.3000283,0.23490055,0.19681634,0.3776195,0.1906636,-0.8390222631334718,0
161,53.5628,5.645,1.7785164,0.79690367,1.0131897,0.13213626,0.23311979,0.55336565,0.0813783,-0.03451155346706926,2
162,92.697266,10.935,2.788097,0.7218587,7.8439207,0.30598134,0.17755862,0.3420617,0.17439833,-0.867380840403792,0
163,8.471116,3.068,0.22377852,0.6339996,2.5108519,0.24069312,0.2109239,0.4181872,0.13019581,-0.801652983678165,0
164,47.809063,20.01,3.02605,1.5190676,1.7328868,0.12112904,0.4961448,0.32173982,0.060986318,-0.2447161166358142,2
165,132.93253,10.3875,2.41102,0.43529212,1.9965397,0.22947046,0.19435231,0.38154393,0.19463326,-0.8334279989249175,0
166,77.540146,5.875,2.411461,0.7463884,9.239322,0.26951328,0.1944629,0.35475004,0.18127373,-0.8830757039993878,0
167,55.192528,4.5625,1.0641699,0.46274522,2.6244266,0.25344005,0.18980385,0.3700483,0.18670778,-0.8525251871315216,0
168,81.85773,6.9275,1.9240957,0.56412876,4.17288,0.2727893,0.18334605,0.3577514,0.18611322,-0.8727164108118716,0
169,94.01542,9.905,2.0634212,0.52674454,1.2303482,0.18854594,0.18553331,0.39436695,0.23155385,-0.43810990144932105,0
170,28.90682,3.024,1.2815375,1.0640016,1.9065033,0.69185823,0.037489895,0.035865817,0.23478603,-0.8249808802733091,3
171,56.175797,5.2525,1.1766273,0.5026908,3.04502,0.2548305,0.18743145,0.36933294,0.18840513,-0.8770520642250225,0
172,24.070122,12.273,1.0434722,1.0404323,2.94004,0.26227129,0.09555513,0.32612368,0.31604993,-0.629933100603516,0
173,29.782444,6.025,0.6414696,0.5169243,1.1354909,0.30751354,0.14655963,0.35394633,0.19198047,-0.0991402699666624,0
174,29.551323,13.252,1.3117272,1.0653145,0.42044657,0.23855448,0.13770956,0.41949907,0.20423687,0.39248804059978404,0
175,56.247513,9.7575,1.5703781,0.67005765,1.4736705,0.2462617,0.21839821,0.41548163,0.11985843,-0.27607133786722265,0
176,46.456783,15.065,2.4904544,1.2865915,1.4306085,0.1321195,0.32482642,0.47555482,0.06749934,-0.1662132767613302,2
177,57.649162,19.36,1.7880726,0.7443949,0.6005849,0.25306118,0.12004617,0.3326605,0.29423216,0.6840924945254555,0
178,320.53955,27.626,4.3597903,0.32643387,0.8233179,0.3881591,0.14408694,0.32082534,0.14692865,0.4361340323366817,1
179,76.985435,18.905,1.6533787,0.5154363,0.9380847,0.23882043,0.17196295,0.36676335,0.22245337,0.09011887674987856,0
180,98.24153,11.1025,1.475395,0.3604329,1.7186757,0.33788434,0.17359516,0.31376672,0.17475377,-0.7159030692872665,0
181,55.692642,6.273,2.3993578,1.0339712,1.8936986,0.6762686,0.044504333,0.04028128,0.23894589,-0.8256632345122908,3
182,55.040577,6.71,1.4494501,0.63202107,6.815169,0.3009868,0.17892149,0.3449242,0.17516747,-0.8309878912533831,0
183,247.17566,25.86,5.125321,0.49765298,1.0355663,0.17548281,0.12176192,0.4685308,0.23422445,-0.1781339073471624,1
184,113.530655,9.806,4.455497,0.94187707,1.6959127,0.6369939,0.05955243,0.057224438,0.24622926,-0.8542918000340464,3
185,90.87748,19.175,6.7009263,1.7696599,0.7973357,0.2707945,0.13878545,0.43778393,0.15263611,0.12327640437234744,2
186,75.851944,7.201,3.2309055,1.0222775,1.7989186,0.669609,0.04311189,0.044413023,0.24286611,-0.836916037312944,3
187,72.26032,5.7525,1.9334555,0.64216334,5.0172424,0.26784518,0.19027519,0.35709566,0.18478402,-0.8810995095517761,0
188,180.49954,47.61,5.15502,0.6854338,0.8111599,0.20918775,0.2767767,0.3551495,0.15888597,0.3060635014300971,1
189,21.499737,1.626,0.7125606,0.79542625,338.03177,0.33937195,0.16532294,0.32947224,0.16583288,-0.7933549355491172,0
190,23.302534,8.579,1.2503008,1.2877234,2.166802,0.2951869,0.29501006,0.366506,0.043296963,-0.41246519340870313,2
191,47.259434,24.9575,2.9024878,1.4739852,2.1393304,0.12284885,0.3132293,0.49689144,0.067030385,-0.2334595891839,2
192,59.95421,17.45,2.6161287,1.0472507,3.481283,0.15553142,0.27969328,0.42902443,0.1357509,-0.6938374305920855,2
193,64.07698,32.98,4.060038,1.5206852,2.9917397,0.14338931,0.4257561,0.3405633,0.09029128,-0.34765967107891493,2
194,26.088324,5.495,0.8904397,0.8191616,2.975247,0.19932297,0.17452934,0.4780785,0.14806922,-0.6411531027919828,0
195,109.19165,17.66,2.7279932,0.5996048,0.83434814,0.17944181,0.11275523,0.50054944,0.20725353,0.3336939668044155,0
196,70.125305,38.295,4.8011994,1.6431842,2.0598934,0.07140757,0.3972487,0.49268475,0.038658988,-0.22783232589651534,2
197,41.38304,19.3875,2.4003797,1.3920947,0.80913687,0.291816,0.130743,0.3730414,0.20439962,0.1432494271926015,0
198,116.009125,10.091,1.7837882,0.3690306,0.63896775,0.21426395,0.1926624,0.4056647,0.18740886,0.7997835559572984,0
199,158.72372,25.35,3.6426883,0.5507968,0.9295252,0.2596505,0.26227576,0.34401578,0.13405797,0.11013561958600995,0
200,109.380684,14.35,1.508704,0.33103555,0.536916,0.29053992,0.17259967,0.3610684,0.175792,0.8042892658762509,0
201,29.503819,3.897,0.38432986,0.31263468,0.92251796,0.25867012,0.17681123,0.4133544,0.15116422,0.2675785913244026,0
202,95.586945,13.775,1.8534704,0.46536994,0.5796283,0.27977294,0.20105672,0.37859476,0.14057559,0.5963538565299127,0
203,101.90553,15.3475,2.4220078,0.5704125,0.6707601,0.19103909,0.16132973,0.47680733,0.17082386,0.646745681636591,0
204,113.34111,22.9175,3.2089033,0.67948586,2.682447,0.2238428,0.2503411,0.37127712,0.15453899,-0.6537211159342716,0
205,53.99784,12.88,1.4449028,0.64220464,0.66209257,0.25161827,0.2831755,0.34513956,0.12006666,0.5974749933015155,0
206,59.621643,10.77,1.7098306,0.6882725,0.51562524,0.20042971,0.263871,0.42361283,0.11208649,0.6358452406920609,0
207,115.3708,24.181,2.9898174,0.6219565,1.0084878,0.19539133,0.28519246,0.40713793,0.11227831,0.032376432276950216,0
208,59.321312,8.29,2.189855,0.88596356,0.97205067,0.121942796,0.2427664,0.5688825,0.06640828,-0.002495745883747004,2
209,25.522667,8.159,1.3354585,1.2557858,2.957062,0.14436224,0.31376714,0.47236574,0.06950486,-0.49506140609847266,2
210,16.268538,5.63,0.70460063,1.0394552,1.3165426,0.15698448,0.22548878,0.51401407,0.10351266,-0.2651052868995085,2
211,4.128096,2.87,0.37035003,2.1531477,2.854809,0.05740846,0.070052795,0.66779494,0.20474376,-0.30254476587144485,2
212,64.34398,12.939,1.2065883,0.45005172,0.7221085,0.291213,0.114972174,0.3822106,0.2116042,0.485148840253734,0
213,110.80707,12.2,4.8719587,1.0552306,1.9272902,0.6643499,0.038126804,0.04025915,0.2572642,-0.8161253725740036,3
214,48.229546,26.6375,3.0874681,1.5363867,3.7617795,0.13721521,0.27544865,0.5186315,0.068704635,-0.4342910318671972,2
215,24.856644,5.18,0.4945219,0.47747898,0.8075668,0.19050431,0.19130069,0.3885926,0.2296024,0.38634416653761344,0
216,158.58102,49.5,6.473081,0.9796503,5.3713517,0.20614748,0.22791402,0.4558635,0.110074975,-0.7216920023076497,1
217,84.7902,7.734,1.0478106,0.29658443,1.5682826,0.28112707,0.19760527,0.33367985,0.1875878,-0.8225669814526156,0
218,118.652504,18.9825,3.2132015,0.6499385,1.2187064,0.36429974,0.072504066,0.3234006,0.23979566,-0.25534209601889274,0
219,177.52942,17.6,2.893007,0.39110234,0.5967878,0.2279865,0.20129749,0.42186394,0.14885204,0.8371534450677588,0
220,26.767933,7.32,0.62638617,0.5616148,0.897161,0.21795838,0.14085934,0.4221515,0.21903077,0.19082788872912373,0
221,7.8162394,3.62,0.31023988,0.95260096,1.2970008,0.15305693,0.21273164,0.5265275,0.107683934,-0.2725692770662216,2
222,51.898705,12.89,1.2316517,0.5695641,0.63653016,0.20609349,0.14713968,0.45982054,0.18694624,0.6459339528606967,0
223,118.70105,19.528,4.331633,0.87580687,1.921901,0.14457518,0.29957566,0.42285103,0.13299815,-0.5042506198929079,2
224,106.22197,12.137,1.3545011,0.30603865,0.654805,0.28679955,0.18744306,0.37202716,0.15373024,0.7929754014833877,0
225,103.21466,9.329,1.7898437,0.4161836,0.63871676,0.25111014,0.209774,0.4147465,0.12436933,0.665279248803024,0
226,30.669525,18.68,1.6716791,1.3081487,1.9019423,0.132176,0.13353373,0.53108025,0.20321004,-0.3150276309020778,0
227,25.534184,4.775,0.46171144,0.43397018,1.4849434,0.26560614,0.18013652,0.35734135,0.19691603,-0.6484011683572776,0
228,72.999664,15.28,2.0228548,0.6650512,0.64788306,0.26799896,0.19307223,0.378964,0.15996477,0.28740672090702946,0
229,136.43877,12.175,2.0418801,0.35917303,0.87725925,0.25698653,0.13954985,0.383047,0.22041656,0.24835628305706622,0
230,101.137085,10.378,1.1747638,0.27877343,0.69923174,0.28418225,0.18872768,0.37917715,0.14791298,0.7302442236205797,0
231,325.99844,32.4575,6.325004,0.4656467,0.91301244,0.32740963,0.1753159,0.26642492,0.2308495,0.12528221032761383,1
232,100.58203,10.91,1.6211356,0.38682112,0.9424979,0.21640284,0.17006002,0.41411617,0.19942096,0.1329042627564922,0
233,34.39031,12.964,1.871493,1.3060608,1.292522,0.1545562,0.24215963,0.545205,0.05807913,-0.22983160894972451,2
234,91.743385,15.279,1.4887549,0.38945714,0.94070524,0.29386568,0.15031141,0.3572716,0.19855136,0.09317178200433335,0
235,50.50487,12.88,2.3413348,1.1126063,0.8203196,0.14187434,0.34542567,0.43821654,0.074483514,0.129015184447097,2
236,142.52487,16.93,3.630646,0.6113705,1.1711485,0.41289034,0.10619532,0.23076251,0.2501518,-0.29344305605486476,3
237,26.977459,6.29,1.0057336,0.8947324,1.307755,0.14727575,0.29437134,0.44961163,0.108741306,-0.2641588790879688,2
238,41.349583,12.199,1.1999514,0.69647217,1.4806414,0.2336192,0.22935964,0.37212563,0.16489553,-0.35653011069095564,0
239,27.755554,3.66,0.3117443,0.26956275,1.0037348,0.35386518,0.1748664,0.3082812,0.16298725,-0.0016517988599672655,0
240,242.11334,22.825,10.262946,1.0173364,1.7343779,0.6568451,0.04466335,0.044826504,0.25366506,-0.8080647572962036,3
241,155.10791,14.102,6.4696,1.0010476,1.7612311,0.66144687,0.050911605,0.04300428,0.24463727,-0.8568238612586921,3
242,148.3025,14.531,6.076314,0.9833383,1.7480774,0.65108347,0.052815855,0.04836057,0.24774022,-0.841579572082288,3
243,98.03825,8.744,4.067427,0.995716,1.7700992,0.65437996,0.049964655,0.04718017,0.24847513,-0.8388022997009148,3
244,116.42607,12.42,4.8406525,0.9978492,1.7159278,0.65621775,0.04836264,0.048760958,0.2466587,-0.8294916698289195,3
245,77.13758,6.89,3.2228744,1.0027406,1.7518647,0.66048765,0.047022633,0.046567142,0.24592257,-0.8419738937824118,3
246,74.484245,6.77,3.1350744,1.0101705,1.7570487,0.6598413,0.047225464,0.04644516,0.24648812,-0.8182370349580355,3
247,100.97847,11.26,4.361624,1.0366465,1.7298865,0.6175556,0.03711592,0.051478356,0.29385006,-0.7652141166619921,3
248,83.68512,8.409,3.5812156,1.0270544,1.8606043,0.6676075,0.043644916,0.041571844,0.24717578,-0.8661839553473767,3
249,177.97292,16.1525,7.430534,1.0020221,1.763068,0.6602239,0.047712862,0.04831562,0.24374755,-0.8422426950766424,3
250,272.1986,24.506,11.385852,1.0039009,1.7251911,0.66114587,0.048153367,0.04624573,0.24445501,-0.8302259332431327,3
251,159.9691,14.359,6.6849017,1.002929,1.7323619,0.66016763,0.047428984,0.045317408,0.24708594,-0.842098967229801,3
252,99.04749,93.332,3.7544117,0.909724,0.60129887,0.27938342,0.035372008,0.38067582,0.30456883,0.6698881356063285,1
253,121.92378,11.69,5.2182226,1.0271773,1.8409944,0.6727855,0.04198237,0.041185528,0.24404663,-0.8564977464718803,3
254,98.63275,11.18,4.209387,1.0242571,1.683379,0.66943014,0.040891796,0.040235292,0.24944274,-0.808885589003558,3
255,138.4165,12.61,5.7603683,0.99878865,1.8046148,0.6561383,0.05027858,0.048487168,0.24509592,-0.8298857965451718,3
256,138.78148,22.407,5.875337,1.016044,1.8396184,0.6312582,0.046831574,0.050053325,0.27185687,-0.8014551494432869,3
257,73.76194,6.64,2.9991682,0.97584254,1.5057068,0.6483618,0.051437184,0.04925317,0.25094786,-0.6891674520071105,3
258,141.22026,14.063,6.049149,1.0280365,1.6760608,0.6721663,0.041607738,0.041009296,0.24521674,-0.7492157730454425,3
259,132.28418,15.24,5.6220064,1.0199871,1.7542676,0.63915735,0.04326879,0.048249677,0.2693242,-0.8279024128294191,3
260,58.23222,5.405,2.343854,0.96600294,1.540949,0.6555567,0.0526598,0.05228234,0.2395012,-0.7926105086150559,3
261,0.008256524,0.01,0.0018227173,5.2982607,1.4545455,0.38113207,0.1735849,0.30566037,0.13962264,-0.23202459155721447,2
262,98.030106,9.445,1.0494585,0.25693133,0.69287175,0.3105482,0.1829362,0.3564801,0.1500354,0.71698191956142,0
263,67.41313,10.1025,2.969562,1.0572048,2.6164718,0.5700649,0.061680377,0.07344843,0.29480627,-0.8113044877673761,3
264,95.66997,8.909,4.078794,1.0232161,1.8318826,0.66465104,0.04029008,0.048142698,0.2469162,-0.8401578543989203,3
265,244.45161,18.51,2.6007466,0.25533855,0.7788009,0.2665421,0.19272223,0.39116538,0.1495703,0.7298847759991202,0
266,133.77692,13.967,1.9513705,0.350082,0.69899815,0.2595403,0.20945047,0.4006262,0.13038298,0.7354419148773228,0
267,154.98676,20.4,6.5243564,1.0103092,1.8224796,0.66653913,0.047585003,0.042804044,0.24307184,-0.8560802380722801,3
268,134.95297,21.497,4.076392,0.7249445,0.8472305,0.10259136,0.20729694,0.49890977,0.19120188,0.30728063676003664,0
269,339.41708,30.84,7.566823,0.535046,0.96711284,0.31287235,0.17058267,0.2958211,0.22072382,0.02366546182604005,1
270,227.55768,19.3425,3.2037306,0.3378903,0.78955024,0.22667755,0.21085154,0.41081196,0.15165897,0.6243560493738669,0
271,14.920982,10.19,0.9383157,1.5092555,0.700456,0.13935407,0.13355535,0.45843607,0.26865456,0.28634615463091434,0
272,227.87741,15.66,1.7907907,0.1886057,0.95372814,0.3528307,0.15596235,0.3063736,0.18483338,0.14563284047675168,0
273,35.110397,9.45,1.3494663,0.9224388,0.42649367,0.13657825,0.09184308,0.54580253,0.22577608,0.5376191091107133,0
274,126.47984,14.26,2.2934566,0.43519154,0.68221426,0.19462593,0.21068218,0.41889194,0.17579998,0.7055227979254375,0
275,24.023775,14.156,1.7637277,1.7619822,0.33659118,0.1709374,0.08592122,0.41901454,0.3241269,0.5093937059143079,0
276,44.740974,13.54,1.7207462,0.92304444,0.77679104,0.17215487,0.25140893,0.46041226,0.116023876,0.2847782438448959,2
277,106.288315,15.962,3.2219303,0.7275148,0.9453809,0.14101224,0.20438866,0.5491881,0.105410986,0.11950543248646817,0
278,34.20483,8.455,1.5834208,1.1110156,1.2915114,0.15522759,0.2577998,0.5087395,0.07823312,-0.1602482114163374,2
279,104.48915,12.442,2.3923273,0.5494911,0.8186329,0.16587967,0.08560926,0.5072938,0.2412173,0.6137451100331868,0
280,171.27856,16.07,2.9194217,0.409077,0.64597523,0.23850845,0.21058443,0.4129671,0.13794,0.7075281609073897,0
281,10.698753,7.335,0.8476197,1.9014246,2.6399393,0.11844641,0.41337058,0.41119498,0.05698797,-0.346453322960934,2
282,27.807705,9.28,1.8268976,1.5767409,15.300023,0.26984578,0.20495757,0.38575444,0.13944216,-0.28626520488061574,2
283,43.54611,6.08,0.65518993,0.36110136,1.2528117,0.28911024,0.14237152,0.3456335,0.22288468,-0.5276126758465582,0
284,30.844872,3.46,1.3230474,1.0294462,1.8363026,0.6742457,0.044095162,0.04101433,0.24064486,-0.8284625467014165,3
285,113.93465,15.99,2.9172323,0.6145065,0.8145178,0.3541215,0.15253396,0.37154585,0.12179872,0.18335633350969527,0
286,150.57396,15.63,2.358517,0.3759243,0.66811615,0.26757687,0.21621579,0.3959682,0.120239146,0.7038507396249762,0
287,185.72722,17.515,2.61907,0.33844087,0.5719046,0.27158007,0.19072281,0.38942945,0.14826769,0.8551602272205155,0
288,32.854187,5.368,1.4105495,1.0304071,1.9339364,0.6685302,0.048571695,0.043314263,0.2395838,0.0,3
289,64.45057,21.06,3.0487165,1.1352762,1.2528675,0.16484293,0.350128,0.40317062,0.08185844,-0.10275896341999179,2
290,24.918877,5.58,0.85215205,0.82072914,2.2890747,0.29332054,0.23590271,0.34754252,0.123234205,-0.6516228522689224,0
291,15.190067,21.91,1.2963578,2.048219,2.0436075,0.23967998,0.160561,0.4260396,0.17371944,-0.22119250866224657,2
292,160.39056,18.56,6.8637133,1.02705,1.6899861,0.6783205,0.044953078,0.039474938,0.23725148,-0.7777911750026071,3
293,63.39048,6.23,2.7159708,1.0282822,1.7212429,0.68399376,0.04519788,0.03843082,0.23237751,-0.7924243128303821,3
294,78.42345,7.74,3.348502,1.0247451,1.6586524,0.6836658,0.04546694,0.039176863,0.23169035,-0.7938440341670977,3
295,56.186523,7.27,0.70354,0.3005162,1.1027606,0.28087333,0.17867844,0.3455223,0.19492595,-0.31535231265687197,0
296,145.27014,14.439,2.248568,0.37148467,0.61656624,0.26251614,0.2064951,0.4005165,0.13047229,0.7783077050546185,0
297,87.51304,15.547235,3.9624977,1.0866946,2.3225868,0.6616908,0.0446111,0.04711351,0.24658462,0.0,3
298,12.84791,29.39,2.543425,4.7511387,2.0844142,0.31018272,0.14600056,0.38004833,0.16376841,0.0,2
299,49.64039,5.9,2.1392944,1.0343002,1.8757889,0.6708914,0.04272509,0.04415242,0.24223106,-0.8183844591853541,3
300,49.532593,21.84,3.2689576,1.5839063,1.4687266,0.15057768,0.4859332,0.2926673,0.07082173,-0.18835013409718965,2
301,47.254536,23.85,3.245562,1.6483812,2.1647704,0.12091008,0.53592044,0.28918105,0.053988457,0.0,2
302,161.17078,34.66,4.934486,0.73479617,0.72665155,0.21706519,0.20681155,0.4323023,0.14382094,0.12139384560298162,1
303,52.602047,13.57,1.4464104,0.65993345,0.9687661,0.2913768,0.10047786,0.35527575,0.25286958,0.028725637870879037,0
304,165.70375,47.4,7.5661287,1.0958538,0.9816531,0.15855363,0.44709417,0.31100717,0.083345085,0.08578620610740563,1
305,251.83725,25.7925,5.708893,0.54405546,0.8580642,0.13881704,0.22870679,0.4481134,0.1843628,0.32412325303539363,1
306,199.82428,20.6625,2.231897,0.2680632,1.3597728,0.29991436,0.1960798,0.35210553,0.1519003,-0.6055865296532692,0
307,252.57715,22.86,4.150632,0.394395,0.7120907,0.22697595,0.2185448,0.42202613,0.13245316,0.6950067076951308,1
308,119.053635,18.4,4.9290075,0.99363774,140.75081,0.25540113,0.204519,0.39083028,0.14924961,-0.7803489176742789,0
309,11.205627,3.55,0.34463623,0.73813534,1.8922256,0.2517366,0.12991647,0.43837947,0.17996742,-0.63084460711865,0
310,8.249365,13.787,0.7361142,2.141588,4.186609,0.21400693,0.18375878,0.43337587,0.1688584,-0.31910454728846277,2
311,33.734802,30.02,2.4006085,1.7078685,1.322891,0.1965486,0.1825105,0.47527716,0.1456637,-0.026408690675769272,2
312,36.190685,8.571,1.5394273,1.0208775,1.27083,0.13862942,0.29219186,0.49928352,0.069895156,-0.17618530858148193,2
313,185.63184,15.4225,4.094165,0.5293271,4.4645295,0.32680914,0.17188084,0.335131,0.166179,-0.8844044212144786,0
314,116.83798,11.127,5.0705914,1.0415636,1.8204825,0.6783165,0.039260942,0.03856547,0.24385709,-0.8496111097751474,3
315,114.20089,11.382,4.8333745,1.0157626,1.9453727,0.66300327,0.050165284,0.046388283,0.24044314,-0.8611228829472084,3
316,96.15216,9.969,1.1858594,0.2959957,0.70709693,0.29900342,0.20058772,0.38382995,0.11657883,0.0,0
317,55.18258,20.2,1.803072,0.7841918,1.4607441,0.23182175,0.21344663,0.3820808,0.17265083,-0.22881833353478495,0
318,59.742653,14.465,2.5079648,1.0075073,1.1273248,0.11153067,0.2996043,0.438393,0.150472,0.0,2
319,60.784184,7.866,2.5907605,1.0229347,2.1698625,0.6201835,0.07635583,0.06038097,0.24307969,0.0,3
320,21.00319,7.1,0.67880386,0.7756581,1.3688855,0.19681324,0.16876344,0.4840072,0.15041614,-0.37680038331574606,0
321,97.58612,11.743,2.5424085,0.6252714,0.9155825,0.16949324,0.16178265,0.5266809,0.14204314,0.0,0
322,111.03493,40.88,4.2692924,0.9227999,1.0083929,0.2396334,0.2569565,0.37590367,0.12750648,0.0,1
323,62.63742,14.779,2.334736,0.8945717,1.9798406,0.16574313,0.23216133,0.5092415,0.09285401,0.0,2
324,49.566868,12.169,2.0517364,0.99343926,4.4232206,0.18834925,0.20552033,0.46678606,0.13934433,0.0,0
325,59.2087,11.51,1.9913257,0.80717564,4.7157393,0.3770059,0.15601692,0.3014053,0.1655719,-0.900115446265745,0
326,94.96254,9.23,4.0696187,1.0285197,1.8031383,0.6804115,0.046743944,0.03923958,0.23360483,-0.8226887648795327,3
327,43.40693,15.995,2.0841138,1.1523215,1.6453424,0.16446152,0.37486413,0.3772917,0.08338259,-0.2577849568257553,2
328,65.20935,26.74,3.699617,1.3616269,0.62460446,0.24403028,0.11799929,0.43211854,0.20585194,0.16413520082537603,0
329,35.780743,4.39,1.6676602,1.1185862,1.7615551,0.6844256,0.037884288,0.044312593,0.23337747,-0.49912008148301246,3
330,70.447075,10.44,2.3804214,0.810965,1.0479469,0.1327682,0.22376591,0.53354895,0.109916985,-0.01607631424651441,0
331,79.6743,16.09,1.938285,0.58386254,0.8290246,0.24107194,0.22181582,0.3985576,0.13855459,0.24831986910736342,0
332,115.83533,24.24,4.6167436,0.95654625,0.7558653,0.16374052,0.35578185,0.3910836,0.089394,0.18657491576160293,2
333,89.09128,12.58,1.3839684,0.37282258,0.68333256,0.24347596,0.18585262,0.40709287,0.16357857,0.6587243247709224,0
334,58.404224,13.206,2.3477762,0.9647697,1.7289885,0.17899571,0.3477896,0.38397065,0.08924397,0.0,2
335,72.017746,17.06,1.9093485,0.6362927,0.76155895,0.154767,0.15059741,0.48686892,0.20776665,0.4635550410859935,0
336,39.07403,27.44,3.7155282,2.282147,0.53958,0.08999103,0.17846806,0.6866137,0.04492717,0.0,2
337,100.88925,9.35,1.3177631,0.31347558,0.59226644,0.31019828,0.19078024,0.35212922,0.14689231,0.7882278682185085,0
338,147.94888,21.51,4.473713,0.7257176,1.4690862,0.4267772,0.088446304,0.23789561,0.24688083,-0.5501911516775929,3
339,143.61093,12.9675,3.2963974,0.550888,0.48971468,0.24732731,0.20858069,0.40564874,0.13844323,0.6205714866214537,0
340,59.613533,11.5,1.8098685,0.7286406,1.5413036,0.14745584,0.2571628,0.46521315,0.13016824,-0.5470971754813373,0
341,32.21944,3.212,0.61893135,0.46103692,0.6730104,0.2645571,0.09125528,0.39409593,0.25009176,0.0,0
342,188.45694,23.578,5.8993554,0.75128317,0.7152008,0.36493394,0.102745,0.33065858,0.2016625,0.250422561750242,1
343,56.936905,13.31,1.9282928,0.8128125,4.6125345,0.2634964,0.23917358,0.36760247,0.12972751,-0.7003777591822744,0
344,120.61338,35.12,5.7240267,1.1389834,0.5425128,0.1858978,0.29519692,0.42211047,0.096794754,0.325882605945987,1
345,124.17204,16.62,3.1619523,0.6111428,0.8501533,0.22739427,0.16774037,0.33096218,0.27390322,0.1879736733954891,0
346,141.1399,17.162,4.04389,0.6876395,0.8813515,0.10129028,0.124576166,0.5365308,0.23760277,0.3286317719085982,0
347,111.281555,15.42,2.3948605,0.51649755,0.5754737,0.24267572,0.21150161,0.41697943,0.1288433,0.5942250386692481,0
348,61.65279,9.57,1.3646455,0.5312248,0.5823735,0.26490408,0.20139337,0.399206,0.13449655,0.55303505581604,0
349,211.75162,38.7825,7.1769314,0.81343585,0.88229823,0.34089848,0.29414818,0.29368797,0.07126532,0.12310966382124774,1
350,152.31357,11.27,1.3840982,0.2180919,0.9599276,0.2815508,0.17811438,0.34245583,0.19787899,0.17372431145956382,0
351,45.317295,8.09,1.207644,0.6395672,1.7016412,0.2565447,0.20683803,0.40711263,0.1295046,-0.4776490461276501,0
352,23.197853,4.855,0.76963586,0.7962487,0.47353134,0.24510673,0.100295916,0.41131693,0.24328044,0.433168553232723,0
353,92.58853,13.85,2.5516179,0.66140836,0.9490776,0.15092465,0.20498392,0.4637141,0.1803773,0.06657222083619603,0
354,4.5066895,16.38,0.6992824,3.7239704,2.1749568,0.18952668,0.26564178,0.4406599,0.10417171,-0.1146646993449818,2
355,136.76665,9.697,3.188626,0.5595445,5.496219,0.33856466,0.16870664,0.32581127,0.16691744,-0.8362012908080018,0
356,92.41236,7.024,1.8672087,0.4849244,3.8625965,0.33357033,0.16526516,0.33137548,0.16978903,-0.8406026630920292,0
357,332.40237,23.07,1.8831836,0.13596897,1.0393698,0.31690258,0.17348827,0.3408153,0.16879381,-0.2385375816529024,1
358,134.37167,15.068,2.5685587,0.4587679,0.5510382,0.25776353,0.2022906,0.4006155,0.13933039,0.7003202141083618,0
359,172.38434,17.8825,3.0517657,0.4248784,0.5126955,0.25893706,0.19188896,0.40283084,0.14634314,0.7947775055494793,0
360,18.675852,6.77,1.2635198,1.6237264,4.842699,0.27959645,0.18643108,0.44393945,0.09003299,-0.3761122616040578,2
361,131.88654,12.19,2.6861002,0.48880205,2.8997056,0.25960928,0.19168712,0.3655236,0.18317993,-0.8943644777813569,0
362,204.76624,17.55,4.0249305,0.47174934,2.622366,0.25089028,0.19318973,0.36949873,0.18642122,-0.8895050331665652,0
363,78.851585,5.89,1.8254907,0.5556233,3.9535427,0.2882452,0.1844951,0.35053608,0.1767236,-0.8564529102357814,0
364,56.66436,14.78,1.3833553,0.58591545,3.6469734,0.2759446,0.18559498,0.3616747,0.17678572,-0.8273527923698454,0
365,62.340157,5.47,2.0994544,0.8082576,37.76086,0.32496864,0.17869724,0.33121502,0.16511902,-0.8631517363603978,0
366,52.43034,5.09,0.9254786,0.42363802,2.1612315,0.25056425,0.19316757,0.36869818,0.1875699,-0.9015729415245659,0
367,76.43541,8.8,1.3140984,0.41261452,2.2808356,0.26846778,0.18539621,0.3613972,0.18473883,-0.8642707532781015,0
368,59.59235,18.19,3.5099862,1.4135987,1.9387612,0.13490795,0.42121094,0.3944356,0.049445536,-0.27737620111244177,2
369,216.14154,19.74,3.0842423,0.3424692,0.72085583,0.25678587,0.21457736,0.4049486,0.123688124,0.7130937329797455,0
370,35.240257,11.51,1.2153081,0.82767254,3.586862,0.27024496,0.2157934,0.3963087,0.11765293,-0.7662837415490615,0
371,136.05667,17.81,3.209625,0.5661685,0.8873382,0.14879997,0.14485006,0.48117942,0.22517054,0.2593751393353286,0
372,81.10049,43.19,6.3619404,1.8826838,2.3571472,0.08931716,0.4985001,0.37186593,0.04031679,-0.26644272001249397,2
373,88.261246,10.53,3.889401,1.057606,1.7362244,0.68672216,0.030062703,0.039420612,0.24379459,-0.8035372503742504,3
374,21.904104,2.061,0.9257602,1.0143416,1.7767264,0.6636697,0.042765584,0.045711253,0.24785356,0.0,3
375,13.472549,1.324,0.5586141,0.9951151,1.7431028,0.65774536,0.05152268,0.048300903,0.24243101,0.0,3
376,4.2016077,0.408,0.1826295,1.0431978,1.7445669,0.6776818,0.04007266,0.040783584,0.24146199,0.0,3
377,19.892061,2.01,0.88031393,1.0621089,1.7710449,0.68808734,0.0328447,0.039880663,0.23918727,0.0,3
378,81.36156,7.572,3.3829687,0.99790674,1.7865531,0.6581907,0.042664737,0.05033019,0.24881431,0.0,3
379,19.361753,3.07,0.84883934,1.0521848,1.2860397,0.699141,0.049280267,0.039810687,0.211768,0.0,3
380,42.271164,6.51,0.8600546,0.48830712,1.1007491,0.24116184,0.23718672,0.39734486,0.12430663,-0.17627399785114448,0
381,49.111095,7.56,1.2832062,0.6270874,0.50491136,0.23601136,0.20780344,0.36615205,0.19003317,0.4082464092915313,0
382,57.102585,18.89,3.3417225,1.4045132,1.1252007,0.64660054,0.07177973,0.14653757,0.13508216,-0.11951108382037195,3
383,212.10815,21.8925,3.1639495,0.3580003,0.65986127,0.24694067,0.20672254,0.40967095,0.13666585,0.7169101039801925,0
384,201.96579,21.035,3.7676883,0.44772196,0.4763952,0.2503958,0.1994686,0.4001188,0.15001683,0.8114109326400455,0
385,131.52792,11.0,1.5352274,0.2801341,0.67966884,0.28966162,0.18367577,0.37320668,0.15345597,0.7221798709027565,0
386,35.77009,8.8925,1.0477915,0.7030174,1.7563107,0.26606444,0.15945323,0.44373012,0.13075224,0.0,0
387,48.748917,12.511,2.7793837,1.3683423,0.90834314,0.04318446,0.36865738,0.56549704,0.022661092,0.04775909918724838,2
388,67.23505,6.64,2.9694355,1.0599599,1.8820541,0.6837355,0.036855508,0.038400915,0.24100809,-0.8173568403570425,3
389,35.55004,3.401,1.523429,1.0284741,1.7823998,0.66962105,0.038921166,0.048801225,0.24265663,-0.8169112095144054,3
390,28.386127,3.846,1.6036613,1.3558689,3.700976,0.51920956,0.06676313,0.062091086,0.3519362,0.0,3
391,89.61617,9.66,3.8695347,1.0362955,1.8763925,0.67234737,0.040045064,0.042712416,0.24489523,0.0,3
392,2.7450666,3.626,0.35260746,3.0828319,5.318754,0.23425612,0.13032304,0.46330604,0.17211482,-0.26667009104254685,2
393,16.093838,6.37,0.5097191,0.76012063,1.218852,0.27293405,0.18885092,0.3365053,0.20170961,-0.22410300578990794,0
394,73.42261,10.94,1.4940981,0.488383,1.9960378,0.28740227,0.22330332,0.34805083,0.14124364,-0.7640719853893257,0
395,47.579895,15.06,2.1859295,1.102615,4.9257793,0.21727005,0.21286456,0.43551067,0.13435467,-0.7254638199896764,2
396,17.85556,6.53,1.1573126,1.5555661,2.1988528,0.42128456,0.26388583,0.26559442,0.049235217,-0.34168348001954546,2
397,8.295657,28.63,0.8603239,2.488986,1.1696798,0.245218,0.13675196,0.44010267,0.17792739,0.0,2
398,24.365353,4.74,0.80198765,0.78996205,0.93779945,0.18038765,0.19633758,0.52233326,0.10094151,0.0658151896157604,0
399,28.997387,7.31,1.7905116,1.4819363,0.49434033,0.044593524,0.42744172,0.47751427,0.050450556,0.0,2
400,140.18906,11.06,1.821662,0.31186375,0.77106357,0.27456215,0.21751752,0.37350836,0.134412,0.5828759404938831,0
401,67.82178,4.68,1.1731659,0.41514662,1.7241383,0.22260319,0.19808917,0.38434142,0.19496627,-0.8440487106096654,0
402,82.785706,16.11,3.2063189,0.92952824,3.051929,0.45403743,0.15504804,0.29986668,0.09104783,-0.6911830269734563,0
403,5.6752877,3.707,0.35731798,1.5110478,8.942023,0.21665138,0.09622497,0.3845355,0.3025881,0.0,0
404,31.589191,25.459,3.2208583,2.4470584,1.8704216,0.10530666,0.38824585,0.43755683,0.06889059,0.0,2
405,27.471525,2.785,1.2079014,1.0552611,1.7559315,0.68459225,0.035563115,0.036003202,0.24384144,0.0,3
406,239.65169,22.4925,3.9296365,0.39353478,0.7425859,0.24899669,0.22020814,0.40878022,0.12201496,0.0,1
407,53.741516,5.795,2.308485,1.0309281,1.7370704,0.68042153,0.043498818,0.046407223,0.22967243,0.0,3
408,18.329735,1.807,0.7938679,1.0394493,1.7763535,0.6786677,0.03338499,0.040915567,0.24703175,0.0,3
409,38.174713,4.265,1.6375707,1.0295218,1.9815701,0.66083634,0.04167274,0.052186906,0.24530399,0.0,3
410,125.7998,12.132,5.3678384,1.0240725,1.9258528,0.67734367,0.0440761,0.045385756,0.2331944,0.0,3
411,27.1282,3.37,1.1632926,1.0291513,1.820801,0.6703969,0.04345712,0.048655514,0.23749039,0.0,3
412,42.330624,4.126,1.8258421,1.0351894,1.888789,0.6716417,0.040843163,0.048138484,0.2393767,0.0,3
413,121.374954,11.944,5.207007,1.0296043,1.7979195,0.6798371,0.04330892,0.039433043,0.23742089,-0.8561760425325798,3
414,35.039673,3.136,0.5744428,0.39345765,0.8400331,0.18862684,0.19250561,0.40389556,0.21497197,0.0,0
415,116.45514,19.94,2.7034974,0.55715823,0.6588322,0.18864232,0.21759419,0.45157588,0.14218765,0.0,0
416,122.68698,18.7,3.5656977,0.697521,1.611637,0.16358334,0.2648594,0.43805456,0.13350275,0.0,0
417,72.00497,8.687,3.1039665,1.0345842,1.9332722,0.6658373,0.05011066,0.047542717,0.23650928,0.0,3
418,152.10297,15.272,6.6737514,1.0530369,1.6503538,0.6790204,0.03660208,0.038038854,0.24633868,-0.7124804583988863,3
419,61.169014,5.913,2.6206813,1.0282388,1.7037603,0.67351234,0.037676107,0.04304812,0.24576344,0.0,3
420,61.305817,5.75,2.6211162,1.0261145,1.8074738,0.66550654,0.037354734,0.04564514,0.2514936,0.0,3
421,328.60754,25.6625,4.0696735,0.29723042,0.73416275,0.27091664,0.21256445,0.37692842,0.1395905,0.8135252644107867,1
422,42.38534,4.509,1.8098162,1.0247786,2.0090764,0.6504401,0.04197372,0.05068479,0.25690138,0.0,3
423,32.98654,4.203,0.60669166,0.4414103,1.948053,0.3423334,0.16139993,0.30653274,0.18973394,0.0,0
424,200.84937,15.89,2.6086178,0.31171033,0.67951745,0.25783643,0.20204674,0.39491874,0.14519812,0.8227092356099371,0
425,77.511086,24.381,4.2541175,1.3172157,1.0878658,0.0851541,0.31766957,0.52863014,0.06854617,0.0,2
426,22.524992,4.06,1.0824469,1.153329,2.6714082,0.65224403,0.045213077,0.05790425,0.24463859,0.0,3
427,220.12045,20.5875,3.6027954,0.39281717,0.5736591,0.24657759,0.2032252,0.40831774,0.14187944,0.0,1
428,138.75476,23.59,6.5088162,1.1258106,1.0213037,0.10330517,0.34562868,0.50905323,0.042012874,0.0,2
429,13.027252,2.841,0.34884205,0.6426689,1.5442076,0.42061928,0.14509375,0.28441986,0.14986709,0.0,0
430,368.47955,39.025,5.957109,0.3880015,0.59879506,0.23654296,0.19967778,0.4106176,0.15316172,0.0,1
431,36.94867,21.807,2.4870923,1.6154902,0.61785305,0.2283759,0.09367939,0.4287305,0.24921426,0.0,0
432,45.849342,9.24,2.3499393,1.2300841,0.8741527,0.7413079,0.0674322,0.076567546,0.11469236,0.1343806186291718,3
433,82.24383,16.98,1.8035153,0.5262932,1.6882422,0.32511616,0.1726394,0.33501312,0.16723123,0.0,0
434,57.533806,4.73,0.6091465,0.25410306,0.63152856,0.30753094,0.17039102,0.3503235,0.17175452,0.0,0
435,316.7317,29.88,4.42939,0.3356322,0.7608808,0.24510425,0.21011907,0.41084874,0.13392794,0.0,1
436,59.91773,6.8,2.6250253,1.0514518,1.8046325,0.6769467,0.035909586,0.04007393,0.24706969,-0.8303652384191187,3
437,14.498571,8.874,1.0873344,1.7999033,2.3132114,0.108591296,0.3452161,0.50158185,0.044610772,0.0,2
438,15.318411,19.89,1.5873168,2.486916,0.71686137,0.06987793,0.11094935,0.7548835,0.064289145,0.06285162005873539,2
439,94.55988,16.876,1.9100595,0.4847873,0.533034,0.30874893,0.15696512,0.3598459,0.1744401,0.0,0
440,134.04933,31.13,4.785636,0.85681343,4.7258162,0.23618117,0.21714105,0.41957626,0.12710153,0.0,1
441,63.87787,20.41,3.0195794,1.1345072,3.075458,0.1828657,0.25634116,0.46283174,0.09796143,0.0,2
442,222.61005,19.395,2.4698112,0.2662749,0.7206647,0.2767116,0.1996042,0.3839306,0.13975357,0.0,0
443,68.89387,7.683,2.9902797,1.0416995,1.8021628,0.67915237,0.035617795,0.04314254,0.24208729,0.0,3
444,69.21179,6.764,3.028597,1.0502015,1.7811402,0.6774736,0.03671786,0.04348555,0.24232292,0.0,3
445,54.301414,5.557,2.3004463,1.0167453,1.9276338,0.6508642,0.04660349,0.06270655,0.23982576,0.0,3
446,33.666946,6.023,1.3748384,0.98007464,2.1097841,0.62510264,0.043321524,0.08877686,0.24279894,0.0,3
447,119.735344,30.24,7.497827,1.50288,4.1977,0.0494805,0.15330255,0.4266063,0.37061065,0.0,1
448,79.547386,8.69,3.5172832,1.0611888,1.7500768,0.68568915,0.03248863,0.039805844,0.24201635,0.0,3
449,6.7177544,2.36,0.47998825,1.7148168,0.3104339,0.07294937,0.084650554,0.7396198,0.10278027,0.35536336504130916,2
450,80.56894,26.0925,4.5030727,1.3413823,0.117543355,0.19442718,0.18566155,0.45144883,0.16846244,0.6230536113667501,2
451,60.217773,16.265,1.9575073,0.7801712,1.0672288,0.19334772,0.19741985,0.5121602,0.097072214,-0.10899610411564983,0
452,91.09127,22.445,3.0578134,0.80564827,2.3553395,0.19519798,0.21129651,0.45705,0.13645549,-0.5446669467468194,0
453,163.24637,29.3925,5.8728056,0.8634026,1.3037901,0.12439531,0.16084081,0.6491243,0.06563961,0.0,1
454,108.39595,24.785,4.4615045,0.98782384,1.7345974,0.1850474,0.3168765,0.4115942,0.08648192,-0.373582653242875,2
455,195.23882,19.355,8.013067,0.9850173,1.9279553,0.6457814,0.04639252,0.058914773,0.2489113,0.0,3
456,106.922226,9.98,4.604649,1.0335697,1.853156,0.66987884,0.038030554,0.04416976,0.24792077,-0.849377372109142,3
457,106.88161,9.95,4.5977564,1.0324148,1.8127116,0.67033863,0.038361363,0.043626778,0.24767321,-0.8448441647149793,3
458,116.47928,10.7,1.4343245,0.2955357,0.74415976,0.2637568,0.17829052,0.39624056,0.16171214,0.618672299876097,0
459,84.19118,7.845,3.600601,1.0264071,1.7766174,0.6717388,0.03939472,0.04404684,0.24481958,-0.8439694144386678,3
460,133.41005,19.6625,6.044781,1.0874349,2.720757,0.6337145,0.04952969,0.052001156,0.2647546,-0.8443716362344608,3
461,125.05832,16.57,2.3553865,0.4520233,1.1233258,0.22210148,0.1580819,0.4487503,0.17106633,-0.27145809251935954,0
462,56.234283,13.254,1.9904172,0.84948206,1.7176757,0.18518262,0.25952223,0.45346966,0.10182552,-0.39674896533749626,2
463,95.41939,29.3875,4.6993513,1.1819865,2.0541208,0.14561157,0.30428803,0.47232038,0.077780105,-0.33842376960179704,2
464,204.3951,42.3075,6.2805495,0.7374599,2.321137,0.23058215,0.24094146,0.40361294,0.12486341,-0.6170888636217896,1
465,15.842619,7.623,0.8408208,1.2737603,2.955662,0.18255255,0.28080124,0.44982484,0.08682136,0.0,2
466,58.549263,33.017,4.715898,1.9330996,1.8939044,0.059824552,0.56822103,0.3446504,0.027303996,0.0,2
467,57.761963,33.95,4.919527,2.0440552,2.7912118,0.054239497,0.6110942,0.31005463,0.024611736,0.0,2
468,163.49977,13.945,2.7885761,0.40933284,0.85190326,0.2532849,0.21236134,0.40741226,0.12694156,0.0,0
469,11.532961,2.45,0.3779802,0.7865738,1.0000845,0.2325768,0.18375766,0.49883884,0.084826596,0.0,0
470,60.68374,19.91,1.9164839,0.75795615,1.6292771,0.20154613,0.23407996,0.45473137,0.109642506,0.0,0
471,13.527485,3.9,0.520712,0.92382944,1.0054861,0.23470974,0.11201889,0.40064973,0.25262168,0.033302589063413955,0
472,290.06253,28.6425,12.520229,1.0359336,1.7900325,0.67321146,0.036483552,0.043702357,0.24660264,0.0,1
473,71.36222,7.343,1.0325114,0.34724638,0.53754896,0.29253873,0.20465867,0.3362945,0.1665081,0.0,0
474,115.4393,32.1975,6.727681,1.3986948,1.0077815,0.03452889,0.3163473,0.5754674,0.07365634,0.0,2
475,68.97078,9.98,3.1106198,1.0824131,1.1703227,0.4431751,0.055408645,0.14710978,0.35430646,-0.1179562671390664,3
476,104.99558,20.22,5.788722,1.3231921,0.28284344,0.25256217,0.061285324,0.49010852,0.196044,0.7242653343006271,0
477,79.66945,11.6475,1.1359644,0.34220326,0.7615292,0.24213015,0.15308106,0.38385177,0.22093698,0.0,0
478,241.25647,30.455,5.265954,0.5238529,1.3040198,0.1789868,0.20055188,0.46828434,0.15217702,-0.46221760520741545,1
479,34.501076,8.99,1.2634697,0.87890804,1.3866521,0.14237328,0.13367666,0.52218336,0.20176673,-0.34794919347065895,0
480,39.089485,14.948,1.9056971,1.170052,2.7596176,0.48181194,0.1074156,0.23759598,0.1731765,-0.527376424446498,3
481,73.564865,9.993,1.5488935,0.5053152,0.99263,0.2791419,0.17481914,0.3588107,0.18722829,0.0,0
482,153.0733,18.1875,2.814565,0.44128898,1.8543502,0.2248094,0.18038498,0.38444656,0.21035905,-0.8335282917532613,0
483,90.30736,16.01,2.14815,0.57089037,2.8171618,0.35339704,0.15027735,0.3010119,0.1953137,0.0,0
484,35.65919,9.184,1.406525,0.94664514,5.049401,0.24468207,0.2573059,0.37791958,0.1200925,-0.6986846150402759,2
485,236.52603,22.8,3.472148,0.3523145,0.7582569,0.24007253,0.21245326,0.41778097,0.12969324,0.0,1
486,61.97946,5.849,2.6738217,1.0353707,1.8097547,0.6752436,0.041413147,0.04059475,0.24274847,0.0,3
487,104.97676,9.595,4.4143033,1.009207,1.7374126,0.66582555,0.04311362,0.04474443,0.2463164,0.0,3
488,12.579761,4.68,0.28563315,0.54493845,1.5973265,0.37248594,0.15436672,0.28438303,0.18876433,0.0,0
489,32.812412,16.28,1.6167233,1.1825209,1.6217886,0.19036634,0.364592,0.3695965,0.075445116,0.0,2
490,37.195023,13.419,2.2041266,1.4222075,2.8755121,0.105405666,0.34012988,0.49580112,0.058663357,0.0,2
491,72.95997,15.5975,3.2428575,1.0667299,45.800674,0.2737388,0.20218232,0.38544703,0.1386318,0.0,0
492,34.76304,5.07,0.42785427,0.29538563,0.90017873,0.24775848,0.17410079,0.36288026,0.21526049,0.0,0
493,14.242739,3.086,0.954462,1.6083344,3.9810162,0.49123234,0.038600896,0.07723805,0.39292866,0.0,3
494,12.048855,2.597,0.8656048,1.72419,2.9185324,0.506016,0.0392985,0.080333635,0.37435186,0.0,3
495,67.96529,8.217,3.0399122,1.0734582,2.128183,0.6787119,0.02966928,0.043523587,0.24809526,0.0,3
496,17.660984,8.443,1.0436715,1.418274,1.2595882,0.1488567,0.32225537,0.4381287,0.0907592,0.0,2
497,51.578392,6.76,1.0785943,0.50188196,0.44265127,0.254783,0.1806861,0.35418826,0.21034262,0.0,0
498,57.182228,46.136,4.533335,1.9026898,2.5748055,0.09529658,0.25960338,0.56225485,0.08284518,-0.2445263995168427,2
499,212.57469,16.875,2.6422987,0.29831946,0.8444514,0.23774174,0.17841472,0.35344028,0.23040327,0.647642050826997,0
500,29.26849,10.959,0.95940274,0.7867049,0.9299731,0.18147705,0.21228378,0.45408338,0.15215582,0.0336590649670533,0
501,132.54675,17.448,2.6500132,0.4798331,0.69854826,0.22020504,0.23820183,0.43020886,0.11138427,0.0,0
502,41.390575,22.189,3.1920583,1.8508899,1.1015846,0.056162305,0.37510672,0.52718765,0.04154326,-0.015643138737705516,2
503,42.66537,4.25,1.8551226,1.0435381,1.7601806,0.6774602,0.036271997,0.04099,0.24527785,0.0,3
504,12.090878,10.77,0.45824042,0.9095924,0.58512026,0.23885144,0.15610501,0.4271083,0.17793527,0.0,0
505,117.61577,12.237,5.0615587,1.0328326,1.7895486,0.6670005,0.042634822,0.044485494,0.2458793,-0.7987181132646002,3
506,72.25152,9.46,3.5098503,1.1658773,2.1632555,0.68212616,0.034732588,0.038790066,0.24435121,0.0,3
507,109.1017,9.391,1.3507199,0.297129,0.76865435,0.2708307,0.19998707,0.39458966,0.13459256,0.0,0
508,148.40741,13.917,1.8650556,0.30161119,0.77998596,0.26828828,0.18807408,0.3904543,0.15318342,0.5631485141459085,0
509,270.2225,25.211,4.4292655,0.3933883,0.5398129,0.26008725,0.20809518,0.39427233,0.1375452,0.7828269782810992,1
510,99.502556,25.616,4.0859804,0.9855378,2.1487179,0.53559995,0.122465245,0.22664814,0.11528667,0.0,0
511,16.535242,3.141,0.4267687,0.61943144,2.1726048,0.24688871,0.20794432,0.41015697,0.13501,-0.7383336426949275,0
512,13.143011,1.582,0.21006402,0.38359067,2.088695,0.2685807,0.18828274,0.35916173,0.1839748,0.0,0
513,162.52608,18.71,3.166545,0.4675993,0.4655742,0.2622844,0.1896523,0.40243554,0.14562783,0.0,0
514,10.069672,2.21,0.45385545,1.0817167,1.4251539,0.24794492,0.1411233,0.54161197,0.0693198,-0.3010942405322747,2
515,194.1301,19.23,2.8090522,0.34727874,0.5831782,0.2794906,0.19722332,0.38446727,0.1388187,0.0,0
516,64.48811,4.606,1.32049,0.49143568,3.1248221,0.2908671,0.18392996,0.34395525,0.18124767,0.0,0
517,292.0726,23.7275,4.9231625,0.4045429,0.7239161,0.21696237,0.21723172,0.43130088,0.13450502,0.0,1
518,65.1983,10.85,3.2375855,1.1917803,1.5914567,0.6573268,0.03986792,0.046800274,0.256005,0.0,3
519,18.900072,20.213,1.1758308,1.4931128,2.044252,0.23440382,0.20266406,0.36204535,0.20088676,-0.26035522899344177,2
520,25.666557,16.44,1.84982,1.7297091,2.849078,0.124123216,0.4503844,0.36605072,0.059441622,-0.35460651683504485,2
521,38.409546,24.491,3.811047,2.3813126,46.144676,0.6912872,0.08094193,0.15101603,0.07675486,-0.7337397578735876,3
522,26.857567,7.239,1.6007562,1.4304404,0.64285773,0.099630736,0.29178032,0.5522117,0.056377187,0.220268603665241,2
523,32.21193,3.163,0.45130903,0.33625484,0.744596,0.28788194,0.21864693,0.3555431,0.13792805,0.5947418621029097,0
524,54.582664,11.75,2.4418516,1.0736823,1.0781938,0.28738284,0.17134932,0.3597694,0.18149847,-0.06688414021519185,0
525,47.469322,6.16,2.0781589,1.0506957,1.9369189,0.6781051,0.039770994,0.041787807,0.24033616,-0.8472206319401777,3
526,31.964146,9.628,1.6748263,1.2575287,4.3880863,0.22859028,0.3232137,0.36618373,0.08201229,-0.5531276614615925,2
527,43.654316,4.71,1.945105,1.0693678,1.9486356,0.6858828,0.03372147,0.040143345,0.24025235,0.0,3
528,52.451942,5.94,2.2603962,1.0342708,1.8712708,0.6615839,0.043139473,0.044475332,0.25080138,0.0,3
529,40.622375,8.81,1.6661892,0.98439693,2.628229,0.16510703,0.2460958,0.5077411,0.08105609,-0.5994188231246594,2
530,100.398056,21.495,2.9069583,0.6949039,2.423426,0.23116373,0.2290833,0.4116109,0.12814204,-0.5708633168482641,0
531,93.71947,8.7025,3.9570484,1.0133344,1.7577775,0.6517568,0.04512886,0.048526943,0.25458738,-0.8166926483733127,3
532,55.954365,5.575,2.4089844,1.0332639,1.9010062,0.6686349,0.038796403,0.043924816,0.24864388,-0.852360980349629,3
533,83.02347,16.18,2.7474964,0.7942322,0.92617214,0.12111854,0.24141598,0.47578862,0.1616769,0.0816774363781231,0
534,118.10058,10.8025,5.02318,1.0207937,1.814219,0.6696211,0.042127475,0.044015765,0.2442357,-0.8518035935642121,3
535,93.62965,9.7,3.9510999,1.0127817,1.9056385,0.65548176,0.04653497,0.048552673,0.24943061,-0.849542960655911,3
536,100.27692,17.631,6.781332,1.6230252,1.0320381,0.22070214,0.09195576,0.41002876,0.27731338,-0.04119644622685528,0
537,16.873083,2.61,0.37140724,0.52828366,0.7279659,0.2654835,0.25440598,0.37155154,0.10855904,0.0,0
538,39.629845,7.83,0.98792744,0.598293,0.7840756,0.19938692,0.13611755,0.46911746,0.1953781,0.41004395531941656,0
539,176.26225,18.76,2.686015,0.36572978,0.74914145,0.25008753,0.215357,0.41363552,0.12091995,0.634386335933487,0
540,58.587868,11.65,2.0028145,0.82043517,0.35836294,0.2933918,0.16929919,0.36003485,0.17727426,0.0,0
541,86.43261,10.487,3.7871222,1.0515815,2.0467293,0.67308563,0.03860741,0.042432714,0.24587427,0.0,3
542,150.88098,14.954,6.614217,1.0520955,1.8730452,0.6766631,0.042223375,0.04097407,0.24013944,-0.8308053093686446,3
543,15.066471,8.43,0.6723553,1.0710223,1.2303138,0.24075839,0.15950714,0.43198204,0.16775243,-0.07696934364086584,0
544,22.027733,5.332,0.6231377,0.67893076,1.1021998,0.31747708,0.19463766,0.38099653,0.10688873,-0.14579919617984025,0
545,242.6829,23.3425,3.8185232,0.37763086,0.7336159,0.24146603,0.21857534,0.41400057,0.12595813,0.6350167893351495,1
546,69.517715,6.81,1.5690244,0.5416833,0.9076513,0.1386303,0.13963713,0.4983271,0.22340548,0.0,0
547,95.5394,8.43,1.3111308,0.32936296,0.5647348,0.295492,0.20362021,0.34973457,0.1511532,0.8087625937012035,0
548,17.136835,1.62,0.7443132,1.0424047,1.8804513,0.67889863,0.037825547,0.041497756,0.24177802,0.0,3
549,11.365585,2.64,0.35088524,0.74094254,0.70244396,0.16466364,0.075162366,0.46065822,0.2995158,0.0,0
550,37.239235,10.63,2.3124208,1.4903126,1.1655715,0.069271736,0.41801572,0.48385465,0.0288579,-0.12090537202610893,2
551,50.894085,19.31,3.3303301,1.5704757,0.8483733,0.05871044,0.36228088,0.5400262,0.03898246,0.0,2
552,15.904837,4.14,0.9400083,1.4184489,1.2893524,0.059569575,0.31128556,0.5666897,0.062455107,-0.14998998430836416,2
553,82.57352,17.08,4.867164,1.4146417,1.0595859,0.09757915,0.40311307,0.47210574,0.02720204,0.0,2
554,9.47898,5.227,0.58395004,1.4785136,0.74339175,0.21818879,0.09878994,0.45956567,0.22345558,0.0,0
555,40.040733,12.52,2.2393503,1.3422433,0.9612017,0.14664511,0.14940462,0.6354219,0.068528414,-0.012664252426406647,2
556,15.497065,19.674,1.323257,2.049302,2.110674,0.21260911,0.16702555,0.43564558,0.1847198,-0.17590590842735154,2
557,22.189886,4.86,0.93126374,1.0072305,1.0211146,0.12569459,0.17376594,0.5759663,0.12457321,-0.034778764556064184,0
558,17.03272,18.009,1.4312621,2.0167236,2.544168,0.14264232,0.19573362,0.5353743,0.12624983,-0.29592301286237666,2
559,45.166,4.351,1.9867989,1.0557317,1.854485,0.6827499,0.03414811,0.04021364,0.2428883,0.0,3
560,51.56698,5.436,2.231713,1.0386708,1.6614212,0.6770644,0.036853965,0.042620126,0.24346149,0.0,3
561,17.382961,2.192,0.69936967,0.96559334,1.0717,0.08881921,0.28378356,0.4636987,0.16369854,-0.03975630991418869,0
562,80.84677,7.729,1.1037855,0.32766742,0.73642826,0.25341278,0.2116112,0.4014553,0.13352072,0.7323191921963936,0
563,98.34001,9.742,1.6716658,0.4079721,0.5923031,0.25450128,0.21189047,0.40418687,0.12942135,0.7173280999232148,0
564,106.768555,17.175,5.259439,1.1822444,1.0427977,0.03675025,0.22659254,0.6534553,0.083201945,-0.029494823708617016,2
565,8.151258,2.882,0.32230386,0.9489692,2.0544982,0.24153045,0.27544102,0.3803385,0.102690086,-0.7020815182279527,2
566,119.34125,19.903,2.6916032,0.54129213,1.6547096,0.29331654,0.20025383,0.3605235,0.14590617,-0.6770566664402995,0
567,55.340157,13.898,1.7799337,0.77192426,0.73191494,0.20030248,0.20778887,0.47565216,0.116256446,0.0,0
568,267.42526,21.97,3.7120035,0.33313262,0.98460364,0.26168337,0.2118625,0.37593278,0.1505213,0.0,1
569,171.3709,14.85,2.2270396,0.31189048,0.9317698,0.26422173,0.20424488,0.39484662,0.1366868,0.0,0
570,66.39538,10.11,1.8532367,0.66989124,1.2877226,0.1562568,0.2524376,0.44361344,0.1476922,0.0,0
571,92.947205,24.25,3.9755511,1.0265315,2.6677728,0.16701582,0.2590336,0.47953567,0.09441495,0.0,2
572,148.65213,12.6325,1.9428471,0.31367415,0.6821435,0.2647286,0.2002849,0.39493173,0.14005479,0.0,0
573,38.26775,6.871,0.7407994,0.46459973,1.2059574,0.21038415,0.14583199,0.40555605,0.23822784,0.0,0
574,146.71045,22.721,2.9502647,0.4826265,0.60611945,0.2638043,0.1720087,0.4047236,0.15946338,0.0,0
575,12.543428,1.282,0.55284214,1.0577819,1.7820201,0.68068385,0.033196393,0.03898448,0.24713528,0.0,3
576,92.48477,9.569,1.7552735,0.4554973,0.76671547,0.22676551,0.23660009,0.4274116,0.109222785,0.4386295687542732,0
577,169.98141,14.828,2.7758064,0.3919214,0.56905746,0.25549108,0.21005611,0.3992558,0.135197,0.0,0
578,35.058712,12.709,2.0456598,1.400389,1.8858774,0.08118297,0.23352116,0.61562485,0.06967099,0.0,2
579,155.64737,18.1075,2.390066,0.3685355,1.6449465,0.3407806,0.18038946,0.33650035,0.1423296,0.0,0
580,11.617841,4.653,0.4909626,1.0142248,1.4520925,0.20146894,0.2537248,0.46721217,0.07759398,-0.3073366088544557,2
581,45.59612,29.42,4.112917,2.1648774,2.4282565,0.07940155,0.53203946,0.3493433,0.039215647,0.0,2
582,44.177498,4.675,1.9494975,1.0590898,1.9101998,0.67895067,0.03374557,0.040243637,0.24706018,0.0,3
583,19.437016,5.835,1.0653732,1.3154775,1.1437606,0.5307065,0.27373746,0.1446819,0.050874107,0.0,2
584,168.38329,11.7675,1.0331063,0.14725067,0.91787153,0.32483122,0.16558123,0.32506213,0.18452545,0.0,0
585,232.1445,22.2425,6.5065064,0.6726679,0.9855747,0.29634815,0.1722221,0.27432978,0.25709996,0.0,1
586,43.54844,16.348,2.2776685,1.2552469,1.822531,0.13364083,0.27418852,0.5235755,0.06859509,-0.35175853369279636,2
587,180.96623,20.2375,5.30923,0.7041176,1.1765062,0.169441,0.26663676,0.46705833,0.09686386,0.0,1
588,25.853638,18.108,3.7053006,3.4396405,0.579167,0.2279059,0.1636146,0.4028615,0.20561801,0.0,2
589,53.488758,21.78,2.9123693,1.306758,0.9004783,0.12032159,0.43319285,0.36821976,0.07826585,0.0,2
590,29.326122,19.01,1.4295012,1.1698794,0.7450908,0.24634355,0.17381468,0.45622373,0.123618044,0.0,2
591,212.0809,18.865,2.4541562,0.277723,0.76404124,0.25946605,0.19953856,0.39534482,0.14565063,0.0,0
592,46.6912,5.699,2.1228588,1.0911824,2.349267,0.6225657,0.047255535,0.052050877,0.27812788,0.0,3
593,42.402836,12.6,2.9381266,1.6629794,1.1438822,0.16828217,0.4582075,0.3727323,0.0007781104,0.012475146648705065,2
594,72.80367,9.751,3.2353776,1.0665542,1.68785,0.6754482,0.031975646,0.04332577,0.24925044,-0.7787076424982133,3
595,133.5012,15.0,5.7110963,1.0267047,1.6389357,0.68032354,0.037699185,0.03562101,0.24635626,-0.8446842762669904,3
596,371.12427,31.3675,5.431294,0.3512329,0.7524733,0.22233334,0.20793562,0.4318127,0.13791834,0.7847155905600788,1
597,27.838583,6.42,0.8832242,0.7614389,2.2170775,0.20032826,0.1945596,0.4930565,0.11205557,-0.6327481967800406,0
598,37.85755,12.17,1.3925664,0.8828251,1.046155,0.2640567,0.2296589,0.4236756,0.08260878,-0.0019394557287885173,2
599,20.342539,2.12,0.3617572,0.42679888,0.93580693,0.17736354,0.20082504,0.45155331,0.17025815,0.3265759539623362,0
600,72.094536,9.227,1.6933975,0.5637257,2.8558757,0.41013288,0.19195795,0.21573481,0.18217434,0.0,0
601,81.914894,7.771,3.4951165,1.0240238,1.7803733,0.66956544,0.040792715,0.040846918,0.2487949,-0.8437826746070795,3
602,40.16069,4.213,1.7586685,1.050979,1.9382025,0.6793106,0.03947798,0.03686433,0.244347,-0.8220006826461049,3
603,14.68017,6.305,0.7192746,1.1759121,1.6574544,0.118463166,0.16264297,0.6062081,0.112685725,-0.3742758752274645,2
604,120.99991,14.84,2.6506715,0.52575344,0.59923345,0.23251967,0.24694058,0.40522784,0.11531193,0.6379151405486284,0
605,15.170706,9.56,1.4311863,2.2641313,4.685036,0.13285914,0.115654424,0.33979398,0.41169247,-0.6012933310496608,3
606,80.07044,11.3,1.9669639,0.58957005,0.9119954,0.49108472,0.07904009,0.2164021,0.21347302,0.0998426037381985,0
607,13.360601,4.952,0.6821526,1.2253687,1.2194114,0.1294363,0.31040883,0.498964,0.06119086,-0.1658862693807262,2
608,12.521904,2.171,0.8490907,1.6274024,3.2973254,0.45717242,0.055122897,0.06553919,0.42216548,-0.8415867307058575,3
609,112.78876,10.25,4.699867,1.0000713,1.7414262,0.6640505,0.047624957,0.045085467,0.243239,-0.8531900926309057,3
610,292.75693,55.5225,8.706007,0.71371216,1.1591226,0.14663237,0.36003566,0.39277488,0.10055712,-0.33889601175350903,1
611,28.353218,7.96,1.5244411,1.2903857,1.7159162,0.23931713,0.24440074,0.46163937,0.054642733,-0.23313242072329754,2
612,284.27872,50.9275,10.006614,0.84480023,1.3203771,0.1601828,0.22683252,0.52015394,0.092830695,-0.25062224018553203,1
613,125.26167,20.5125,2.8846996,0.5527053,1.3451852,0.22306694,0.18649389,0.46009728,0.13034189,-0.4163690913892397,0
614,290.2588,46.3425,8.841255,0.73103774,1.311093,0.1906272,0.25730777,0.45169133,0.10037366,-0.32451008602418996,1
615,33.94056,6.045,1.0462595,0.73982954,1.5050063,0.17239007,0.2088886,0.49513438,0.123586886,-0.3876517674058839,0
616,382.41693,46.8475,6.7685204,0.4247837,1.27934,0.25971672,0.21507059,0.39732435,0.12788832,-0.4186881213908898,1
617,139.01929,36.5075,2.5755768,0.4446422,1.2546444,0.2920894,0.17737864,0.3861685,0.14436343,-0.3173963500432211,1
618,281.2444,40.295,7.07605,0.6038349,2.4427016,0.24408032,0.16875814,0.44354224,0.14361931,-0.7570317593576559,1
619,90.843445,11.0975,2.0771453,0.5487626,0.5097041,0.2965769,0.16703165,0.36688095,0.16951054,0.6020740562063628,0
620,155.86523,40.56,6.3729362,0.98129946,8.3166,0.30607617,0.14200209,0.34933224,0.20258953,-0.7296195519149782,1
621,61.539722,6.5925,0.6816235,0.26582772,1.1025673,0.2770524,0.18062913,0.386831,0.15548748,-0.22711070367571762,0
622,19.587944,6.6525,0.73994535,0.90661323,1.0022949,0.16480336,0.13151334,0.55244505,0.15123826,0.009965608149868948,0
623,52.77936,3.76,0.61840236,0.2812019,1.8545214,0.339471,0.16696413,0.32761556,0.16594927,-0.8524092409921057,0
624,31.536953,2.74,0.45533633,0.34651643,2.2259388,0.33829358,0.16803588,0.32784277,0.16582774,-0.8636591813561227,0
625,100.17881,10.6425,1.9979522,0.47865266,0.93386185,0.3648905,0.086288676,0.30333516,0.2454856,0.16457416200272462,0
626,222.89442,41.7275,4.286706,0.46156806,0.899342,0.21708186,0.17858043,0.44773245,0.15660533,0.22058888154277057,1
627,34.87569,4.22,0.5379073,0.37016544,2.099293,0.30394995,0.1759204,0.34474224,0.17538743,-0.8419503904031325,0
628,232.72464,27.28,3.7324755,0.3849159,1.3387699,0.2724355,0.16177386,0.38451856,0.1812721,-0.5507152854299356,1
629,78.631065,7.3,3.3151205,1.0118506,1.7519553,0.6653962,0.045375463,0.04345152,0.24577683,-0.8591388249389765,3
630,136.32425,12.49,5.7552605,1.0132185,1.704122,0.6669185,0.04499417,0.04304644,0.2450409,-0.8311673377350739,3
631,81.06773,8.2175,3.428919,1.0151272,1.5272074,0.6670041,0.043590765,0.04144487,0.24796025,-0.7652425197361286,3
632,70.12545,6.8175,2.9639063,1.0143785,1.6661851,0.66767085,0.04523206,0.04226491,0.24483219,-0.7549447423327982,3
633,192.99219,19.145,8.143274,1.0126762,1.8966537,0.66108555,0.046500847,0.044994157,0.24741949,-0.8723482232708016,3
634,107.08134,9.9575,4.5027714,1.0092002,1.7059716,0.664426,0.045039084,0.043758694,0.24677622,-0.850945107878311,3
635,191.80208,17.7075,8.081229,1.011196,1.7374954,0.665909,0.04453102,0.04325083,0.24630909,-0.867945225970248,3
636,107.35651,10.295,4.574517,1.0226525,1.6421012,0.66550255,0.044033945,0.04327605,0.24718747,-0.6981356486562463,3
637,95.5864,8.8375,4.030029,1.0118666,1.7148372,0.667089,0.045539714,0.04260981,0.24476145,-0.8256853083562726,3
638,78.65816,4.8525,1.201227,0.36651567,1.2422493,0.45210367,0.121308684,0.23372057,0.19286709,-0.8463583448953419,0
639,143.59082,14.3675,6.0347033,1.0086501,1.783225,0.6633418,0.047315698,0.045284472,0.24405804,-0.8151060275991733,3
640,236.46832,22.3125,9.919789,1.0067942,1.8069576,0.6541655,0.046457816,0.05556084,0.2438158,-0.812305118038814,3
641,161.13763,15.5725,6.8026037,1.0131866,1.6349952,0.66540664,0.045326583,0.04391226,0.24535456,-0.7434734072221868,3
642,253.19366,23.81,10.650636,1.0095642,1.7749916,0.6600651,0.04471981,0.046440557,0.24877451,-0.8603352008782271,3
643,465.12442,42.3375,18.036787,0.93068194,1.7060399,0.6384188,0.055736806,0.06476756,0.24107687,-0.8745234479758107,1
644,106.91449,10.43,4.5183277,1.0142672,1.7783121,0.66758585,0.04603442,0.043166287,0.24321344,-0.8101254864810834,3
645,127.71691,11.74,5.3835235,1.011648,1.8024118,0.6668853,0.04577071,0.042612307,0.24473163,-0.8513740861441964,3
646,101.95291,9.9675,4.302287,1.0127704,1.7078024,0.66672456,0.045402925,0.043587126,0.24428537,-0.8399852374899637,3
647,97.39131,9.155,4.1040354,1.0113515,1.7322267,0.66602683,0.044744216,0.04329608,0.24593279,-0.8509421746871411,3
648,243.7626,24.2275,10.309061,1.0149935,1.6418386,0.66261464,0.04555789,0.045253698,0.24657379,-0.7508828731219536,3
649,98.36886,9.565,4.175708,1.0187877,1.7188258,0.66732436,0.045392543,0.043170966,0.24411212,-0.7799745843810243,3
650,75.742775,8.165,3.2148442,1.0186617,1.8213749,0.65695935,0.0464909,0.0472097,0.24934001,-0.8450166848319868,3
651,137.39865,12.83,5.787368,1.0109038,1.77948,0.66525096,0.0457939,0.04360738,0.24534778,-0.8579949002889474,3
652,189.15231,17.5175,7.985906,1.0132668,1.7897421,0.66468203,0.046148993,0.043421384,0.24574769,-0.8505356360136448,3
653,160.1865,14.8,6.7491484,1.0111936,1.7246559,0.6693245,0.045892846,0.042214293,0.24256836,-0.8443936088929352,3
654,117.4561,12.0175,4.9849777,1.0185888,1.762584,0.6735593,0.045525692,0.04299299,0.23792194,-0.81947670666773,3
655,217.48764,20.405,9.170402,1.0119638,1.729761,0.6615013,0.044126622,0.043642256,0.25072986,-0.8631866046998543,3
656,268.49323,24.99,11.32844,1.0126235,1.6731913,0.6698674,0.044877592,0.041881226,0.24337384,-0.7979535464022988,3
657,94.405945,9.375,4.0160713,1.0209708,1.8868712,0.6635281,0.04653421,0.044512924,0.24542478,-0.8753000314387546,3
658,104.3488,9.9625,4.424264,1.0175712,1.759304,0.66620517,0.04611037,0.042347163,0.24533731,-0.8375940945071204,3
659,279.6279,27.005,11.793216,1.0121922,1.7860669,0.6665547,0.04533698,0.04273853,0.24536984,-0.8896175355008182,3
660,219.731,18.8125,6.251661,0.68283427,1.6036482,0.5491688,0.0877199,0.14095277,0.22215843,-0.849088947453861,3
661,150.84546,19.3975,6.3015375,1.0025951,1.754133,0.6373114,0.047375083,0.07736561,0.2379479,-0.6554455124134765,3
662,173.89917,17.41,7.333875,1.0121555,1.7118818,0.6654756,0.04585351,0.042658556,0.24601234,-0.8354008472169022,3
663,84.7938,8.045,3.5702167,1.0105126,1.7061603,0.662938,0.045602776,0.043678425,0.2477808,-0.8605871499771255,3
664,223.49908,19.4175,7.42946,0.7977976,1.7231094,0.57879627,0.07343134,0.11004109,0.23773131,-0.8689293468201197,3
665,77.23191,8.2275,2.0909982,0.64978266,3.0480273,0.27204785,0.18477228,0.3625364,0.18064344,-0.6737581500343904,0
666,19.366074,4.545,0.57358086,0.71082765,1.3187975,0.15812194,0.20840608,0.42928872,0.20418328,-0.44310457088410743,0
667,116.656975,8.515,0.7235404,0.14885497,1.0124931,0.32895923,0.16220489,0.33715966,0.17167622,-0.11466392673267917,0
668,185.706,58.3225,7.141623,0.9229587,3.5253284,0.19801782,0.28316176,0.3994312,0.11938925,-0.5794173801366954,1
669,173.28778,24.995,4.8996415,0.67859024,0.7621453,0.17717265,0.16597474,0.49859872,0.1582539,0.35264076733549904,1
670,79.587875,9.83,1.7384182,0.52422607,0.7877279,0.26765066,0.1068714,0.40407294,0.22140503,0.19754273808075126,0
671,77.85853,12.12,2.0098774,0.61954755,1.2601488,0.20393091,0.18091805,0.47954598,0.135605,-0.3104913127700234,0
672,475.61115,38.0375,4.44051,0.2240743,1.1588022,0.2897815,0.1689625,0.38662532,0.15463062,-0.443578491899911,1
673,134.60065,17.06,2.6939468,0.48034483,2.0509114,0.24059844,0.22935204,0.38787782,0.14217167,-0.8177599036461664,0
674,88.96621,15.04,2.4780347,0.6684879,1.7963684,0.18956734,0.1392671,0.4365412,0.23462434,-0.49812606236863294,0
675,9.216749,4.2,0.75559855,1.9675447,3.0940957,0.4019555,0.094833836,0.38825044,0.11496017,-0.4449965718708111,2
676,26.538671,3.643,0.6247228,0.5649622,0.9152396,0.17036355,0.15833755,0.4670861,0.20421284,0.11925649975591424,0
677,390.52762,28.8925,4.331283,0.2661804,0.6959459,0.25981072,0.19075482,0.38233656,0.16709794,0.8530616479330759,1
678,218.26678,32.7825,6.846836,0.7528588,1.7092806,0.18845259,0.21489158,0.49271402,0.103941806,-0.5518917366212591,1
679,123.86896,11.98,1.2559661,0.24334736,0.9581954,0.28416255,0.17403772,0.3877621,0.15403762,0.11147135749531155,0
680,68.8295,10.13,1.2335714,0.43013117,0.9627915,0.25003797,0.18408161,0.4413646,0.124515735,0.07661937007090408,0
681,77.18658,6.715,2.912705,0.9056616,1.756634,0.62774223,0.059980985,0.072463065,0.23981375,-0.8811724969356046,3
682,120.16063,21.78,3.2937047,0.65786034,1.0819249,0.16691917,0.13992208,0.5090381,0.1841206,0.10263640792364763,0
683,215.49619,17.4875,2.4241683,0.26998177,1.7203137,0.33859667,0.1694664,0.32849947,0.16343744,-0.898596674051913,0
684,49.657066,16.04,2.0568726,0.9941172,1.160762,0.18324828,0.10760881,0.5041259,0.20501707,0.03637852954919116,0
685,36.246933,22.38,3.028294,2.0051093,2.9472804,0.047976647,0.05014509,0.7429285,0.15894979,-0.370480813990265,2
686,59.708664,5.855,2.5063086,1.007415,1.884646,0.6597249,0.048001453,0.046119094,0.24615452,-0.8449229216888381,3
687,118.633026,20.295,3.3856773,0.6849379,1.472003,0.17234924,0.2464664,0.44225103,0.13893335,-0.4300077254247175,0
688,11.248838,4.2,0.5420086,1.1564044,1.5984839,0.2746143,0.2463297,0.39807057,0.08098548,-0.23657488465397591,2
689,51.615417,5.438,0.9768593,0.45421743,1.0986475,0.23119833,0.12477956,0.4051329,0.2388893,-0.18490226766137305,0
690,79.54932,7.605,3.3540242,1.0119078,1.6780056,0.66883993,0.04465742,0.041988786,0.24451385,-0.8632723302895488,3
691,47.595074,4.155,0.7869282,0.39681157,1.8431954,0.23659016,0.19200876,0.38156614,0.18983495,-0.8145608233014926,0
692,83.88323,10.44,1.3134685,0.37579912,1.0898509,0.28890076,0.1328337,0.3966896,0.18157597,-0.12700235518088976,0
693,73.52963,21.59,2.7632556,0.9019239,2.0664823,0.20895834,0.22066307,0.42605138,0.14432715,-0.44284426050309167,0
694,98.87996,14.2075,2.7807612,0.6749423,2.2572174,0.24932677,0.25582668,0.37957057,0.11527602,-0.7350162100755732,0
695,588.0929,56.8825,25.576363,1.0437683,1.6694186,0.6796063,0.039335866,0.039122872,0.24193493,-0.7216981777242376,1
696,65.45983,6.5475,0.9879883,0.3622331,0.79460967,0.25816968,0.16249697,0.40376213,0.17557125,0.450216490027942,0
697,80.81889,18.4825,4.318117,1.2823093,0.0834728,0.2761122,0.13304186,0.39308643,0.19775952,0.7135680947284941,0
698,80.00437,14.795,2.3490043,0.7046628,3.8887813,0.26830494,0.18253471,0.41206452,0.13709585,-0.43274980017350173,0
699,305.37592,28.36,12.855528,1.0103374,1.7462533,0.661988,0.044919852,0.044488266,0.24860382,-0.8335324137242979,3
700,259.6283,24.5125,11.038594,1.020406,1.8300475,0.6600402,0.046767168,0.04473941,0.2484532,-0.8697712158573873,3
701,87.818375,9.6275,3.4724321,0.9489856,1.903293,0.62912875,0.047806315,0.08420507,0.23885998,-0.8538347205018285,3
702,185.21425,16.995,2.1686513,0.2810131,0.990635,0.2623138,0.17676157,0.40570703,0.15521754,0.06452510834925013,0
703,153.2421,14.265,6.458082,1.011432,1.7177485,0.6655702,0.045412716,0.042851225,0.24616583,-0.855962030441556,3
704,115.22142,23.8975,4.2676816,0.8889351,2.2744033,0.108945854,0.16967447,0.42760143,0.2937782,-0.6965131496521294,0
705,28.77956,2.5325,0.4067604,0.33920774,0.88357395,0.21554781,0.1745132,0.38399616,0.22594285,0.4018336975496865,0
706,275.92386,21.425,3.7643728,0.32742712,0.8942044,0.279673,0.13532683,0.3819273,0.20307283,0.5577103198316394,1
707,103.88768,11.785,4.3766923,1.0110979,1.7396114,0.65590143,0.044745047,0.047038972,0.25231463,-0.8421285176272314,3
708,83.19095,8.185,3.5109177,1.012875,1.596935,0.6706729,0.043114036,0.042888336,0.24332474,-0.8288087167610504,3
709,92.73024,8.7325,3.906897,1.0111645,1.7039174,0.66313505,0.04469511,0.04412614,0.24804367,-0.8565102090458824,3
710,103.803406,8.221,3.2688265,0.75577325,10.325655,0.32844526,0.18595622,0.31879154,0.16680698,-0.8963841433168406,0
711,48.5282,4.24,0.7826508,0.3870661,0.8603072,0.18898933,0.20246981,0.4288152,0.17972568,0.49684565449552026,0
712,121.673874,12.315,5.1530433,1.0164305,1.6704102,0.66316706,0.043833096,0.043078303,0.24992162,-0.840625847431828,3
713,244.32724,28.3325,6.485779,0.63709104,1.562435,0.1934358,0.10324106,0.46879026,0.23453286,-0.5958309017410558,1
714,71.48569,14.79,2.9017959,0.97422445,1.1138165,0.12407018,0.23744501,0.5464494,0.09203537,-0.12429111288551258,2
715,50.517326,8.52,1.4966545,0.7110374,1.3690791,0.20393956,0.16836911,0.50228924,0.12540206,-0.31411578284705377,0
716,228.43996,36.9875,8.553245,0.89860755,0.9157052,0.10897066,0.2290221,0.53873074,0.12327651,0.007705209449106876,1
717,35.8064,21.58,2.7116754,1.817558,0.84428877,0.1064926,0.23006968,0.5747606,0.088677146,0.11971867973378349,2
718,6.9255667,3.795,0.3352325,1.1617216,0.8721938,0.19140042,0.21084201,0.47421727,0.12354035,-0.020946697460108316,2
719,24.597364,13.882,1.642566,1.6026751,1.8569635,0.07113802,0.147105,0.6528004,0.12895657,-0.31551437181235237,2
720,128.64703,16.4425,5.716139,1.0663855,1.7788293,0.65114367,0.046150714,0.049581926,0.25312373,-0.46645796542504325,3
721,148.87619,14.095,6.2994256,1.0155164,1.6969862,0.66953707,0.044617157,0.040960692,0.2448851,-0.8444769605021326,3
722,231.04117,22.3975,9.552234,0.992263,1.6101959,0.66309726,0.047406543,0.05022354,0.2392727,-0.7450931807268381,3
723,105.581696,12.195,4.604897,1.046749,1.565143,0.681233,0.041914705,0.03686348,0.23998885,-0.5395569773425632,3
724,189.55017,19.4875,7.996419,1.012471,1.861656,0.66285115,0.04683176,0.044097092,0.2462199,-0.8723127443040043,3
725,27.09254,8.987,1.384121,1.2261273,1.4144181,0.085478395,0.12826551,0.60602176,0.18023427,-0.2637942903807644,0
726,69.77477,11.76,1.55124,0.5335705,1.395731,0.25541613,0.12852716,0.42188054,0.19417624,-0.2801450253148792,0
727,54.20642,6.436,0.9320728,0.41267708,0.49759573,0.2600348,0.18330431,0.39378643,0.16287445,0.8510415084736376,0
728,33.862144,24.942,1.9433795,1.377382,1.2062737,0.29730308,0.19620574,0.31439748,0.19209373,-0.1349759505488197,0
729,49.085274,11.207,1.7765254,0.86862326,3.3834045,0.28737617,0.18587063,0.33731687,0.18943632,-0.8357121757981885,0
730,83.38579,11.8875,1.9071689,0.5489191,1.8302767,0.2825339,0.1992498,0.36083645,0.15737978,-0.5514057033112146,0
731,249.42734,43.37,8.267215,0.79547477,2.9869454,0.18292454,0.13801028,0.38967773,0.2893875,-0.8057232416465941,1
732,6.1382265,0.8275,0.13669965,0.5344852,3.117949,0.33274978,0.16633366,0.33447772,0.16643882,-0.8144016407934676,0
733,38.31096,14.718,2.201193,1.3789431,1.658514,0.12338091,0.12398054,0.5344112,0.21822734,-0.22972745019489038,0
734,76.496414,14.438,4.037742,1.2668021,3.1813996,0.6444049,0.049475644,0.049007267,0.25711218,-0.7113204323063288,3
735,136.74731,13.337,5.771944,1.0130119,1.7214222,0.6777761,0.047329623,0.040317036,0.23457724,-0.8345783692066444,3
736,113.27355,10.782,4.7847524,1.0137764,1.686264,0.67796373,0.04807901,0.040730935,0.23322634,-0.8166117793336833,3
737,31.67355,11.493,1.059395,0.8027354,0.475308,0.2563306,0.1549416,0.45449367,0.1342341,0.597098562266887,0
738,133.00562,16.457,3.141763,0.56691074,0.32457936,0.26360145,0.19833584,0.40002304,0.1380397,0.7546807414411643,0
739,10.757106,5.961,0.5931685,1.3234084,4.5365443,0.25602326,0.12362758,0.33998242,0.28036678,-0.517357230253538,0
740,134.95938,17.174,5.821705,1.0352812,2.0802624,0.6513374,0.051366877,0.051247455,0.24604829,-0.752517259225045,3
741,45.270966,4.353,1.7965763,0.95243895,1.7007053,0.631534,0.06650232,0.057900622,0.24406303,-0.7277362143704512,3
742,241.50023,26.355,8.087465,0.8037225,1.0893439,0.1644572,0.21002385,0.3763759,0.24914306,-0.10302914073060812,1
743,96.07139,27.44,3.1455123,0.7857937,1.1898901,0.22285797,0.14377612,0.46059966,0.17276627,-0.12835235916914364,0
744,498.48605,60.35,11.31637,0.54483545,1.2410803,0.19972318,0.30150357,0.38507104,0.113702185,-0.5581372273108446,1
745,105.16216,13.925,2.1342938,0.48708633,0.8325717,0.20580463,0.11727123,0.46949324,0.20743085,0.37148115054614594,0
746,56.0239,5.38,2.4061165,1.0307529,1.824335,0.676332,0.04417196,0.03773809,0.24175791,-0.8726194090966473,3
747,38.446037,4.149,0.86277413,0.5385881,0.8446943,0.22044398,0.2547578,0.42034313,0.10445514,0.28360500785863907,0
748,244.00394,47.5425,9.218547,0.9067277,1.1264776,0.16917795,0.26251012,0.4605234,0.10778847,-0.17562404157613432,1
749,93.147804,21.915,2.9830692,0.7686027,3.3970776,0.29532748,0.22283386,0.35138482,0.13045377,-0.692300275439947,0
750,119.64075,13.21,2.3023555,0.4618538,0.66121227,0.2405548,0.21260443,0.40800115,0.13883968,0.534968398802414,0
751,268.99185,28.195,4.8085794,0.42903125,0.7005039,0.23259293,0.22231609,0.42025277,0.12483819,0.6174548738703531,1
752,73.14067,24.723,4.9178753,1.613726,1.1199282,0.06194999,0.4688576,0.4221512,0.047041193,-0.09055022794736098,2
753,215.60202,19.105,3.5454664,0.3946679,0.53043276,0.27335888,0.19799611,0.3898377,0.1388073,0.8165298499451076,0
754,765.55493,82.9725,16.514145,0.5177153,1.034152,0.26699993,0.16714907,0.40781897,0.15803201,-0.0797805393639883,1
755,280.3089,25.785,4.44441,0.3805296,2.1801078,0.37123325,0.15796448,0.29672262,0.1740796,-0.8742112885258294,1
756,93.393616,12.85,1.6180794,0.415809,0.99180603,0.32411692,0.166166,0.33256862,0.17714843,0.068316249129815,0
757,141.82332,14.745,1.8080454,0.3059658,0.9292321,0.38709375,0.14226472,0.27179533,0.19884622,0.30681884584764857,0
758,99.78888,12.7675,1.8561379,0.44641557,1.2236501,0.28705582,0.1268022,0.39894116,0.18720083,-0.37039059301351984,0
759,142.18997,23.48,4.296609,0.7252172,2.4593081,0.20116621,0.1833089,0.5027324,0.11279253,-0.7710782935374781,0
760,178.92725,22.0775,6.926861,0.92911875,2.740945,0.4823146,0.1287151,0.2571117,0.13185868,-0.4632781480671804,1
761,17.35708,8.946,0.7591594,1.0497056,1.5489284,0.18627736,0.20854935,0.49722245,0.10795083,0.0,2
762,21.728619,9.09,1.1587033,1.2798274,1.3328125,0.12334177,0.28791282,0.5189528,0.069792666,0.0,2
763,43.463444,4.659,0.72223276,0.3988084,0.8627956,0.21912454,0.17245272,0.43940547,0.16901729,0.0,0
764,171.4501,17.265,3.261566,0.45656186,1.2767024,0.28217867,0.17824592,0.3432843,0.19629115,-0.481675395928232,0
765,22.575089,8.397,0.6595943,0.70122707,1.3174884,0.20966485,0.17060831,0.40463835,0.21508855,-0.31342356492363876,0
766,118.605606,18.43,3.1061714,0.62853783,0.79811794,0.22555971,0.1071302,0.42888322,0.23842688,0.22040596887597735,0
767,78.68585,21.708,4.0135717,1.2241809,3.0949137,0.21496578,0.2886075,0.4002992,0.096127555,-0.4336039290057221,2
768,40.585262,26.023,3.6388805,2.1518435,1.5684913,0.5437202,0.1196716,0.14548995,0.19111827,0.0,3
769,9.618066,7.374,0.5885319,1.4685661,0.7587018,0.270514,0.18855166,0.34192115,0.1990132,0.07817151542704327,0
770,295.78387,28.793,4.286315,0.34779298,0.66741157,0.24545103,0.20932832,0.40420428,0.14101629,0.791466655919028,1
771,58.944916,7.84,1.0598613,0.4315329,1.3866183,0.30661738,0.2101032,0.34617856,0.13710089,-0.432551350685497,0
772,89.36551,11.342,3.8358252,1.0301491,2.2347693,0.66056496,0.04344769,0.050030284,0.24595705,-0.857002702151383,3
773,27.084143,2.488,1.1518973,1.0207278,1.6718017,0.6764279,0.03693593,0.041562185,0.24507397,-0.8385413906878145,3
774,53.39051,12.8875,2.809568,1.2629516,1.8764256,0.07535982,0.21827313,0.66176045,0.044606645,-0.5291008465038233,2
775,44.07192,20.167,3.249322,1.7694652,6.1544456,0.11748313,0.24768935,0.42595968,0.20886783,0.0,2
776,28.422188,9.27,1.6356838,1.3811889,0.9590246,0.05730966,0.34295663,0.54602313,0.053710606,0.0,2
777,13.589661,4.423,0.76904196,1.3581655,1.0983007,0.09178108,0.29355043,0.5694027,0.045265872,0.0,2
778,51.214523,12.429,1.3160262,0.61671233,0.9561524,0.23939896,0.25143403,0.41065583,0.09851127,0.08961585148191495,0
779,37.704296,7.377,0.84953696,0.54075766,1.2832568,0.4109958,0.1505534,0.2850661,0.15338473,-0.40488118334631856,0
780,201.50873,20.4575,8.501978,1.0125986,1.8458388,0.662569,0.047000892,0.045909334,0.24452075,-0.8228018609004633,3
781,72.105,10.02,1.3524978,0.45017606,0.7511045,0.2247487,0.17739835,0.41591597,0.18193696,0.5107067888251335,0
782,209.70175,37.365,8.219808,0.9407427,0.9815208,0.12583426,0.22369514,0.5304218,0.12004874,-0.023720757679007713,1
783,45.682205,3.568,1.2313261,0.6469002,8.197674,0.30795488,0.17326294,0.34622166,0.17256053,-0.8158359482002884,0
784,399.11014,35.0475,3.966332,0.23851052,0.9493697,0.27689132,0.17415397,0.39805913,0.15089563,0.1709037403982437,1
785,53.808044,6.37,0.9760669,0.4353551,0.58475816,0.27102962,0.19686991,0.39768827,0.1344121,0.6842897775107716,0
786,303.39737,25.685,4.4247026,0.35001248,0.5913997,0.2641923,0.2056003,0.3946512,0.13555625,0.8560911346660682,1
787,111.63695,12.473,1.6830425,0.36182484,0.6944521,0.26576838,0.21544719,0.38646325,0.13232127,0.6998958264187392,0
788,12.292056,5.63,0.59455985,1.1608665,0.5219451,0.32459015,0.116565175,0.34623104,0.21261364,0.3967867755134251,0
789,50.997536,9.46,1.4145782,0.66571605,1.1188318,0.24300773,0.11648778,0.3716626,0.26884195,0.0,0
790,310.40106,30.24,4.4061527,0.34068075,0.56363976,0.2722169,0.19179408,0.38280886,0.15318011,0.8419328894244715,1
791,108.55095,11.909,4.624681,1.0224907,2.0651438,0.6612039,0.04898621,0.044906706,0.24490312,-0.7828858562468265,3
792,143.85684,43.874,3.985117,0.6648471,2.0000687,0.23632646,0.18555826,0.4310924,0.14702286,-0.582865501908349,1
793,191.89148,37.769,6.0288615,0.7540339,1.1075939,0.24001525,0.2084532,0.41589597,0.1356356,0.031407008343667504,1
794,23.78679,7.878,1.1463736,1.156649,1.1172005,0.114793226,0.2466094,0.56375015,0.07484718,-0.09978334710138584,2
795,36.472656,9.89,1.9481802,1.2819556,0.96663207,0.10743035,0.3520636,0.46661904,0.07388699,0.0,2
796,33.50781,10.96,1.3701247,0.9813531,0.9409654,0.15968445,0.26613775,0.49225426,0.08192352,0.0028525269375462895,2
797,155.57234,15.293,2.5003781,0.38573098,0.7132734,0.23953474,0.12392328,0.41191968,0.22462231,0.0,0
798,56.17139,6.8575,1.0627971,0.45409468,1.091513,0.37815458,0.1816387,0.3150853,0.12512146,0.0,0
799,355.34946,43.1675,6.9006495,0.46606398,0.74728465,0.2324223,0.1087302,0.42092258,0.23792489,0.5941298483956922,1
800,109.26802,10.523,1.7241476,0.37869766,0.6232856,0.26535025,0.19677179,0.404499,0.133379,0.0,0
801,38.001797,9.15,1.3681511,0.86405456,1.2992784,0.1752113,0.20701768,0.4998923,0.11787873,-0.32870900419477017,0
802,153.55374,22.14,3.5787337,0.5593456,1.1777611,0.24035552,0.21565337,0.42015174,0.123839386,0.0,0
803,136.84119,13.61,5.4723587,0.959774,1.7892407,0.64863664,0.047925405,0.0646062,0.23883176,-0.8347604732536266,3
804,67.08058,20.44,2.8687828,1.0263892,2.1301944,0.22055681,0.24547161,0.4294177,0.104553856,-0.47719322379119267,2
805,37.948833,6.98,0.5039851,0.31873554,1.2149193,0.27954614,0.21674538,0.34206212,0.16164634,-0.5009098205556557,0
806,10.638821,6.531,0.601968,1.3579731,1.2798958,0.62020826,0.07319946,0.13640197,0.17019033,-0.2034679077142472,3
807,315.05487,32.851,6.5882835,0.50187707,2.4187214,0.21610677,0.17592825,0.40801638,0.19994861,0.0,1
808,49.14347,6.539,2.004583,0.9789701,1.0615715,0.105967544,0.3103962,0.5315773,0.052059017,0.0,2
809,559.02734,31.5575,1.231421,0.052867007,0.92319906,0.3309598,0.16630511,0.33569935,0.16703571,0.6446229930350366,1
810,79.75621,19.327,3.3216872,0.9995522,1.9221822,0.6210215,0.051163506,0.09357534,0.23423964,0.0,3
811,21.721432,5.604,0.6142865,0.6787249,1.4320254,0.21957514,0.23459972,0.41745737,0.12836774,-0.5359654910487412,0
812,135.24968,36.315,6.2264156,1.104875,0.6051767,0.019414129,0.13895959,0.5696043,0.27202198,0.4186009982640626,1
813,77.36197,19.23,2.1250868,0.6592656,0.78371096,0.2133195,0.16482076,0.39969212,0.22216766,0.41003018031424765,0
814,82.0289,19.485,2.4454143,0.7154789,0.5514623,0.20074612,0.21916312,0.43356085,0.14652993,0.5134134721490647,0
815,19.211695,12.96,1.6597072,2.0733712,0.42399,0.37544635,0.07606642,0.22806486,0.32042238,0.5409018813496448,3
816,67.54578,6.382,2.7681358,0.983559,1.6151406,0.65109706,0.04771915,0.054299876,0.24688396,0.0,3
817,172.99628,39.009,9.193892,1.2754806,1.0169736,0.085227825,0.27171007,0.5983876,0.04467447,-0.04280521350444873,1
818,14.986208,5.74,0.5388708,0.86298674,0.81528723,0.19515635,0.23122115,0.4730062,0.10061638,0.0,0
819,169.71481,18.9225,2.4596534,0.3478287,0.72345585,0.24983592,0.20715171,0.40841767,0.13459465,0.0,0
820,57.985397,14.86,2.005914,0.8302424,0.94586986,0.22265765,0.29792234,0.33118165,0.14823833,-0.02216996976563639,0
821,14.822977,7.88,0.8733925,1.4141167,0.8112356,0.19918221,0.17384334,0.4948244,0.13215002,0.03172588477391829,2
822,28.294983,3.971,0.7785489,0.6603706,1.0095477,0.5296892,0.09506333,0.16815227,0.20709527,0.026524078331325685,0
823,122.652214,25.011,3.3127198,0.6482172,0.77816683,0.16022836,0.22602351,0.45550105,0.15824705,0.3749261765836224,0
824,25.512903,8.2,1.4401666,1.3547654,1.8599619,0.093177065,0.20187406,0.65119374,0.053755164,0.0,2
825,122.947815,23.01,4.038219,0.7882796,0.3931219,0.15143739,0.16662674,0.5298447,0.15209109,0.0,0
826,29.275826,11.253,1.2405312,1.0169739,0.44439447,0.47047418,0.11215907,0.2172623,0.2001044,0.37880304297516204,0
827,264.42352,34.42,9.493542,0.8616669,1.1946881,0.109827,0.22929114,0.44372857,0.2171533,-0.13959132387595846,1
828,101.72706,32.38,6.6669145,1.5728947,1.1720371,0.023496635,0.38862583,0.5772062,0.010671402,-0.11431239248830992,2
829,105.68581,10.6825,4.4950137,1.0207646,1.5868689,0.67036194,0.044246923,0.04342537,0.24196573,-0.8163946356382864,3
830,53.832664,38.069,5.279722,2.3538373,0.7670385,0.5812457,0.21066862,0.18829918,0.019786472,0.2144110226742302,2
831,120.62857,11.715,5.1807065,1.0307422,1.6352034,0.6724563,0.04257159,0.039824538,0.24514757,-0.7955521670776344,3
832,50.59278,5.101,2.1397583,1.01505,1.8579278,0.6484967,0.047328435,0.04506498,0.2591099,-0.8241872203243283,3
833,36.68987,8.93,1.3925148,0.91088784,0.9142303,0.23320918,0.15247247,0.453189,0.16112937,0.17769749497078016,0
834,290.12155,45.144,4.48046,0.37064135,0.59099865,0.24463607,0.17706001,0.39982784,0.17847608,0.0,1
835,124.18751,36.156,7.7912464,1.5057063,0.55990094,0.103165,0.3454602,0.5128081,0.03856676,0.25071127998743326,2
836,18.559391,8.833,1.0244576,1.3247731,3.157099,0.14644712,0.22531796,0.55645895,0.07177594,0.0,2
837,89.19321,33.07,6.082841,1.6367635,0.6102077,0.058199752,0.32036614,0.58090407,0.040530123,0.21513681615457347,2
838,47.92626,8.778,1.3479493,0.6750116,0.50620985,0.26302645,0.14426525,0.42666206,0.1660463,0.5990194371562508,0
839,114.90143,25.77,5.2758737,1.1019964,1.3035817,0.11953431,0.20079882,0.5948802,0.08478662,0.0,2
840,28.709572,19.188,2.3262331,1.9446335,2.8195605,0.1384548,0.44064957,0.37703437,0.043861214,0.0,2
841,220.21411,23.27,9.878431,1.0765994,0.65263116,0.15181363,0.19430616,0.4190114,0.23486881,0.5369925353868624,1
842,159.09253,29.997,8.283175,1.2495635,0.95177525,0.040283192,0.3261084,0.6052206,0.028387807,0.0055460009833069104,1
843,242.1539,22.58,10.227212,1.0136244,1.7185376,0.67035437,0.044675156,0.04216423,0.2428062,-0.860276618936528,3
844,20.592941,11.278,1.601008,1.8658915,1.4688975,0.06862055,0.18900575,0.647761,0.0946127,-0.2438567571187281,2
845,29.871399,32.171,1.727386,1.387858,2.4771333,0.16399315,0.1410293,0.4201751,0.27480248,0.0,0
846,194.3512,28.0825,4.0520234,0.50037545,1.0489434,0.21907328,0.2095445,0.43926442,0.13211781,-0.11064980124797684,1
847,54.261486,8.386,2.2041967,0.97492206,1.0440892,0.11397496,0.28599465,0.5368869,0.06314347,0.0,2
848,92.34097,20.4,3.7547472,0.9758824,3.3663054,0.18566318,0.2509383,0.46567747,0.09772104,0.0,2
849,62.119377,5.79,2.665599,1.0298619,1.7362089,0.67351913,0.040924065,0.038610145,0.24694663,-0.840821687531849,3
850,34.13331,9.79,1.1245053,0.79066837,3.8025913,0.3130966,0.18764736,0.35189965,0.14735636,-0.7474816268748319,0
851,54.207314,20.942,2.8731148,1.2720562,1.2393227,0.12718932,0.30082142,0.47247654,0.0995127,0.0,2
852,12.577683,9.746,1.0535235,2.010272,1.4321624,0.061354563,0.22743553,0.6795338,0.03167603,0.0,2
853,252.12271,29.74,3.6222901,0.34481212,1.0044867,0.22848287,0.14851418,0.4181827,0.20482019,-0.03347321594236471,1
854,111.84662,15.976,3.1485364,0.6756116,0.7995645,0.11539869,0.20082742,0.5215982,0.16217563,0.0,0
855,11.655023,4.93,0.681124,1.4025692,0.9834504,0.0886969,0.26787165,0.592109,0.051322486,-0.022500831867854378,2
856,14.146061,7.56,0.825679,1.4008349,9.1561775,0.25238448,0.2618981,0.36208478,0.12363268,-0.6094732626816142,2
857,29.442818,6.62,0.93787193,0.7644963,0.7937727,0.18363783,0.20027335,0.4887268,0.12736197,0.15378467736627754,0
858,54.8984,9.415,1.8455678,0.8068291,1.6896235,0.18167813,0.23890279,0.46683562,0.11258344,-0.3155937868526794,0
859,122.56972,16.83,4.2967687,0.8413371,1.1258253,0.09672752,0.234097,0.5138915,0.15528399,-0.12446703124170157,0
860,28.7385,2.643,1.1727566,0.97938854,1.7085137,0.6516547,0.05610397,0.049357854,0.2428835,-0.8055138843090928,3
861,27.642017,2.579,1.1863725,1.0300602,1.8601743,0.6715928,0.043729212,0.041154154,0.24352384,-0.8395584458905009,3
862,102.7921,12.088,1.6493797,0.3850988,1.2747202,0.29410997,0.15874985,0.38862628,0.1585139,-0.21813013823952176,0
863,22.286858,13.376,1.371761,1.4772053,2.25918,0.21247871,0.30395046,0.38402018,0.09955058,0.0,2
864,75.27512,8.79,1.3933043,0.44422784,0.64376354,0.25330716,0.24258745,0.3714969,0.13260853,0.6456059687317969,0
865,61.711075,18.2375,3.427022,1.3328001,0.99007106,0.08256382,0.2848547,0.5839107,0.04867076,-0.016089630615482232,2
866,41.614826,8.379,1.4049462,0.81025714,1.4734411,0.17806989,0.22481455,0.48323488,0.1138807,0.0,0
867,85.67447,48.42,6.121227,1.71474,0.2615664,0.37910113,0.16803822,0.27528018,0.17758049,0.0,1
868,56.283585,9.562,1.2867701,0.5486943,1.2008386,0.34593946,0.16204536,0.31746525,0.17454992,0.0,0
869,103.17944,23.33,5.434196,1.2640183,1.1484376,0.06437361,0.3326602,0.5530638,0.04990238,-0.09256586003392482,2
870,107.493256,44.546,6.7962527,1.5173981,0.700626,0.3275119,0.34855804,0.25947633,0.06445371,0.272409981449773,1
871,26.104149,15.123,1.3001963,1.1953928,1.2154115,0.14420505,0.2611963,0.5220677,0.072531,-0.1602310352232805,2
872,104.2231,21.07,3.7939088,0.87364334,1.9210807,0.15346514,0.22427143,0.5254435,0.096820004,-0.5390414921032878,2
873,85.6742,20.4,5.3707867,1.5045239,0.9428396,0.064437814,0.39675397,0.51702774,0.021780547,-0.0034773639478173865,2
874,105.43663,12.033,1.0913041,0.24840796,1.1974653,0.33067322,0.16756734,0.33492115,0.16683826,0.0,0
875,138.1564,17.784,2.357182,0.4094806,0.7561293,0.27934372,0.17798266,0.40522453,0.13744907,0.0,0
876,183.48282,18.1475,3.173371,0.4150847,0.8204771,0.20175217,0.18871787,0.41744283,0.19208716,0.24157424987947473,0
877,165.55171,19.983,2.5420232,0.36851662,0.98836327,0.26544565,0.15567638,0.4103087,0.16856928,0.0,0
878,94.64041,12.912,2.670259,0.67715484,0.96254903,0.21267807,0.18179414,0.5054887,0.10003912,0.0,0
879,12.32523,5.4,0.84749967,1.6502728,1.0539382,0.06106207,0.09926103,0.7827615,0.05691541,-0.06290434392847839,2
880,126.05596,23.99,5.2147827,0.99285096,11.218233,0.20101887,0.1425244,0.4066109,0.24984576,-0.8130709312001232,0
881,319.43527,49.69,12.679397,0.95263594,1.1346745,0.11985407,0.2829506,0.4467428,0.15045248,0.0,1
882,21.907932,4.791,1.1936276,1.3076113,1.0540576,0.074548334,0.12478749,0.76806456,0.03259963,-0.050264317016663035,2
883,44.96975,6.475,0.7232358,0.38598523,0.8529342,0.25170866,0.21133363,0.3375488,0.19940896,0.392058012835762,0
884,43.253853,8.295,1.2838341,0.71235317,2.1195705,0.21559133,0.15210515,0.49019715,0.14210635,0.0,0
885,24.776524,12.0,1.4452026,1.3999083,2.686506,0.25867718,0.20859624,0.38374868,0.14897792,-0.3600480175412494,2
886,33.007328,16.73,2.6083791,1.8965819,5.3411527,0.090706766,0.12126293,0.40126863,0.3867617,0.0,0
887,74.882935,17.93,4.475801,1.4344954,1.2270207,0.036646757,0.36518875,0.46631822,0.13184625,-0.12197184169641273,2
888,314.20703,47.91,8.565862,0.6542841,3.57523,0.24391244,0.19641274,0.39963117,0.16004369,0.0,1
889,159.53151,25.893,6.7587347,1.0167874,0.9561384,0.011183537,0.13816544,0.5981616,0.25248945,0.03297669734732102,1
890,42.68955,9.274,1.2301084,0.6915651,1.3286437,0.2370327,0.2344486,0.41739902,0.11111974,0.0,0
891,35.14523,14.23,2.3096838,1.5772386,0.72425544,0.2600925,0.44567096,0.23922579,0.05501076,0.0,2
892,152.07988,25.21,4.5538177,0.71864617,1.1806121,0.1934329,0.21462356,0.44179648,0.15014708,-0.1590592113367782,1
893,258.47217,33.1675,6.759883,0.6276776,0.6617337,0.17443588,0.07560822,0.4755433,0.2744126,0.0,1
894,52.34263,13.1,2.5616572,1.1745641,1.2550342,0.13487594,0.1392933,0.6228465,0.1029843,0.0,2
895,139.77473,61.58,11.001068,1.8889368,1.4453585,0.18978721,0.5185842,0.2628495,0.028779082,-0.10386920634177706,1
896,106.29501,17.6275,3.1161218,0.7035788,0.2746363,0.26585895,0.17643708,0.41048563,0.14721835,0.0,0
897,124.56804,19.937,3.923069,0.7558412,1.120313,0.317234,0.16865839,0.34546587,0.1686417,-0.3463132193449415,0
898,75.181786,13.225,2.6413715,0.84319514,1.1906734,0.16126499,0.21880475,0.54061073,0.07931952,-0.23097239146043047,2
899,87.542564,11.46,2.1454387,0.5881771,0.48386526,0.23259662,0.20620067,0.42069563,0.14050706,0.0,0
1000,85.871025,24.99,4.4872317,1.2541316,0.6747755,0.018504463,0.079185784,0.6345917,0.26771805,0.3747346101159764,0
900,94.170296,30.334,5.1674643,1.3169667,0.6301959,0.035743024,0.118135445,0.70129144,0.14483014,0.0,2
901,54.71183,21.49,2.2310638,0.97868294,0.8906756,0.21531036,0.22589172,0.46145245,0.0973454,0.0,2
902,23.346907,6.337,1.1760541,1.2089524,1.6150042,0.124490276,0.22978225,0.5613364,0.08439108,-0.3321023600913431,2
903,40.03781,9.6275,1.1072217,0.66370565,2.055179,0.22354165,0.16644485,0.4443801,0.16563337,-0.5907456306999371,0
904,10.673729,4.37,0.49446517,1.1118104,1.70137,0.23692422,0.14029182,0.54345787,0.07932613,-0.3755423111604628,2
905,14.312555,2.715,0.3270659,0.5484403,1.180169,0.27295557,0.17103569,0.31720564,0.2388031,-0.1870579318631561,0
906,62.368057,13.064,2.310566,0.88913435,0.62857723,0.45457014,0.11939408,0.26881275,0.15722303,0.38461018893183907,0
907,25.735891,8.5,1.1578932,1.0797931,0.86050755,0.17485628,0.2508137,0.47727248,0.097057566,0.07016117796905921,2
908,262.167,22.605,3.5553353,0.32547212,0.77027154,0.25629544,0.20144682,0.40032387,0.14193398,0.0,1
909,137.9313,15.14,6.275878,1.0920006,0.92846656,0.6608424,0.04685784,0.049189948,0.24310975,0.1207717190590386,3
910,128.20201,22.39,2.7750351,0.5194992,1.012247,0.19967444,0.19374178,0.40921003,0.19737372,-0.05149282628403308,0
911,62.40579,7.091,2.6949697,1.0364306,1.9935151,0.6664856,0.043063316,0.043812722,0.2466384,-0.8368349306711647,3
912,29.639927,7.672,1.5963086,1.2925608,1.176755,0.026016982,0.23740701,0.6063483,0.13022771,-0.10373052201574999,2
913,47.08342,8.915,1.0174226,0.5186144,0.6358392,0.23148964,0.12780194,0.40674865,0.23395967,0.0,0
914,100.255875,12.304,2.1381984,0.51185787,0.86469173,0.2626823,0.13133726,0.3997937,0.2061868,0.258609759929743,0
915,117.18648,10.8225,3.8743901,0.793482,0.9109874,0.03443088,0.17504314,0.562103,0.22842297,0.28120774120944575,0
916,34.84393,5.1275,1.0791038,0.7432713,1.1053499,0.104567245,0.11878357,0.56278664,0.21386248,-0.2553363133019254,0
917,130.57312,16.59,2.5999887,0.4778911,0.89721817,0.22263639,0.15145026,0.41813144,0.20778191,0.2639038504984368,0
918,65.51814,22.252,3.3623755,1.2316743,1.1544377,0.090578325,0.2754713,0.5665579,0.067392446,0.0,2
919,29.732288,11.55,1.3991034,1.1293608,1.9695258,0.21605837,0.24242689,0.39342463,0.14809017,-0.48316246783359795,2
920,110.60161,10.575,4.710744,1.0222081,1.7417854,0.6634675,0.04040168,0.04495941,0.2511714,-0.8406651703715048,3
921,134.32468,15.23,2.8965008,0.51752234,1.3897637,0.18904686,0.2569054,0.44237334,0.11167444,-0.6557218678116491,0
922,193.61014,18.94,2.732435,0.33871388,1.2862941,0.2824014,0.22086363,0.31630075,0.18043415,-0.7295367471435847,0
923,242.16508,20.35,7.549371,0.74818754,1.4127256,0.5627346,0.079637855,0.12283658,0.23479085,-0.6963089811471971,3
924,108.14266,46.59,6.066723,1.3463821,0.6784723,0.0257661,0.037166856,0.6488074,0.28825966,0.3125833483014826,1
925,71.56807,16.987,2.7059257,0.90741885,4.6090617,0.24238585,0.218124,0.41375443,0.12573573,-0.7839802182569691,0
926,166.63013,18.345,3.0777972,0.44329998,0.585637,0.23854177,0.21815637,0.42319256,0.12010932,0.7624842063271525,0
927,18.457891,5.003,0.67349374,0.8757149,1.0251853,0.26224113,0.22101364,0.41422734,0.10251787,-0.031025430626370292,0
928,21.446384,9.064,1.2689413,1.4200338,1.6418067,0.11225847,0.31463286,0.5156295,0.057479296,-0.277422873200834,2
929,30.258934,9.14,1.5291098,1.2128198,0.7690149,0.10664288,0.1558576,0.6669572,0.070542276,0.1860384923162351,2
930,43.776566,4.624,0.5952651,0.32634726,1.2133439,0.33120823,0.18422681,0.31822833,0.16633664,-0.39559132596987034,0
931,55.73941,19.25,2.052827,0.88389605,0.7404561,0.20488398,0.24403629,0.42640874,0.124671035,0.26500221655313516,0
932,18.577316,4.971,0.7001134,0.9044752,1.5569148,0.2296326,0.23996834,0.42472556,0.10567348,0.0,0
933,61.295982,20.27,2.9834917,1.1681647,0.764131,0.20803651,0.124025986,0.45558032,0.21235713,0.0,0
934,67.4644,7.151,0.7320669,0.2604278,1.3260934,0.30746233,0.16922122,0.35881627,0.16450012,0.0,0
935,30.653933,3.99,0.50571096,0.39593822,0.7047953,0.33395708,0.13539116,0.32702044,0.20363133,0.6557031771491033,0
936,106.253555,13.064,5.473039,1.2362217,1.9068884,0.49343282,0.08866009,0.07333236,0.34457472,-0.7875898306195799,3
937,70.07277,12.075,1.246245,0.42684028,0.590588,0.30054656,0.19699802,0.3633088,0.13914663,0.0,0
938,13.179029,11.901,1.0541667,1.9197166,1.6271765,0.4521033,0.075707234,0.3435055,0.12868397,-0.08612050533097347,2
939,81.82247,26.117,4.554731,1.3359843,3.1522126,0.11201486,0.26879963,0.51599425,0.10319128,0.0,2
940,168.2897,30.53,7.6237335,1.08723,1.0435236,0.06369371,0.34085098,0.505381,0.09007429,-0.038172731936117504,1
941,110.71451,34.845,6.9029126,1.4963703,0.84562945,0.08271093,0.31437716,0.56195825,0.04095363,0.05169805970713772,2
942,39.34572,20.754,2.4695194,1.5063511,0.118948735,0.21562764,0.17136677,0.4447977,0.16820793,0.681777896779195,2
943,41.16624,11.08,1.7807634,1.0381886,0.7176382,0.16377984,0.2071794,0.5103263,0.11871448,0.31762430109214274,2
944,59.59464,14.346,2.1936996,0.8834484,1.2626752,0.13639952,0.13602963,0.6015514,0.12601946,-0.2886640583416548,0
945,172.74753,17.86,3.3337972,0.46316805,1.5862526,0.3068808,0.17404345,0.3345779,0.18449791,-0.6781921835339009,0
946,100.3687,29.728,4.988471,1.1928351,1.1291075,0.06780333,0.09133837,0.64326704,0.19759129,-0.1837831426637834,1
947,70.064285,72.394,11.232568,3.8476326,0.12525566,0.06351796,0.22046217,0.5782414,0.13777842,-0.04961565594722345,1
948,100.62999,22.864,3.0305214,0.7227717,2.7257345,0.31727895,0.17325626,0.29639706,0.21306768,-0.8253120582864745,0
949,150.50543,13.761,2.2807975,0.3637021,0.7633062,0.25139412,0.23323907,0.38873154,0.12663521,0.6059788845527235,0
950,133.17398,15.903,2.9733422,0.535842,2.923555,0.31309733,0.1597086,0.3202059,0.2069882,0.0,0
951,102.456924,9.424,1.3692105,0.3207304,1.6348686,0.3650723,0.15421742,0.3005789,0.18013138,-0.6340539829315437,0
952,40.292843,22.61,2.7711987,1.6506349,1.3358244,0.1736792,0.15793413,0.5198931,0.14849354,-0.15041289000740518,2
953,214.12779,27.5625,6.2407546,0.69948,1.1572199,0.0981519,0.14313091,0.5064797,0.2522375,-0.30285292797553737,1
954,75.770996,16.65,3.5389209,1.1209316,12.144863,0.4315421,0.12108965,0.2351335,0.21223478,0.0,0
955,74.88243,13.34,3.005527,0.9632787,1.0917834,0.15566297,0.23721303,0.5242484,0.08287562,-0.10724402332076588,2
956,32.709946,8.502,1.8426522,1.351994,1.4997156,0.08365411,0.28883114,0.59401065,0.0335041,0.0,2
957,208.64908,52.734,10.87943,1.2514137,2.3303075,0.3129997,0.16132437,0.34222764,0.18344827,-0.3480379376421188,1
958,250.14299,23.4325,9.34849,0.896942,0.99988294,0.012202871,0.13925049,0.6143568,0.2341898,0.06066594958775046,1
959,270.50714,42.62,9.968175,0.8843989,1.0098163,0.07136827,0.22488697,0.5692935,0.1344513,-0.021828392833029005,1
960,132.10876,12.5725,5.038935,0.91541576,1.0057683,0.018464856,0.10694704,0.63008493,0.24450319,0.030313953153224545,0
961,294.2641,24.38,9.63848,0.78610855,1.0343903,0.037897974,0.15505734,0.5712674,0.2357772,-0.0504024873269417,1
962,91.51248,8.255,3.5002086,0.9179623,0.90242493,0.019027216,0.109299086,0.62661856,0.24505514,0.2781278152290877,0
963,328.22076,26.6525,11.594629,0.8478169,0.9475483,0.024969772,0.11718905,0.6032057,0.2546355,0.1807134078537231,1
964,256.67856,22.1575,9.567517,0.8945836,0.9658207,0.016391035,0.12396973,0.6167372,0.24290198,0.13528399365342314,1
965,225.81349,19.185,8.034784,0.85395616,0.9528747,0.02270218,0.14810489,0.5971065,0.23208633,0.16392811743056718,1
966,119.35376,10.7925,3.8894846,0.78210884,0.8754033,0.07062933,0.16563457,0.58871555,0.17502059,0.4179055543760549,0
967,136.12057,21.6675,4.5730667,0.80629694,1.0383838,0.07442491,0.2037425,0.5636687,0.15816388,-0.08252718981274507,0
968,119.64162,11.645,3.268136,0.6555851,1.1183683,0.11076102,0.13173972,0.53755397,0.2199453,-0.28432225423909624,0
969,186.86328,14.745,3.0994701,0.39808398,1.0925351,0.20968196,0.1561118,0.40592963,0.22827664,-0.2578450044565059,0
970,14.659451,2.448,0.3925267,0.64263254,1.2655283,0.13501835,0.171144,0.45011944,0.24371819,-0.57838151883716,0
971,18.589306,5.609,0.888741,1.1474223,1.1250484,0.1344866,0.25121638,0.5501194,0.06417768,-0.11346792304286535,2
972,202.52438,30.7,10.436792,1.2368042,0.2982496,0.039663997,0.33709234,0.54429907,0.07894464,0.0,1
973,141.22911,27.66,4.590787,0.7801429,3.2886405,0.30489063,0.18172143,0.35953167,0.15385626,-0.82436970940718,1
974,101.937805,7.4075,1.1263211,0.26517844,0.9899505,0.27351287,0.14590915,0.38643593,0.1941421,0.21201712850474366,0
975,59.191532,11.44,2.0318685,0.8238483,0.5988123,0.3877763,0.13462916,0.27935708,0.19823745,0.0,0
976,108.46915,63.3,7.6336584,1.6890314,2.3927686,0.20759498,0.16510497,0.437268,0.19003202,-0.47882557829933586,1
977,54.42285,20.942,3.2772615,1.4452435,2.5965474,0.16262765,0.10825453,0.5100518,0.21906602,-0.37423347837109083,0
978,303.46173,18.2325,1.0288699,0.081370644,0.8768796,0.33585727,0.16972837,0.33134755,0.16306685,0.6550611902675697,0
979,258.60583,26.63,4.7741847,0.44306982,2.6851976,0.31688622,0.17334735,0.34672984,0.16303658,-0.8831222154832088,1
980,121.70096,26.04,5.181739,1.0218632,1.6522013,0.073765,0.18492296,0.6358895,0.10542247,-0.3800087947598982,2
981,172.525,53.18,8.619325,1.1990367,3.9028914,0.18473482,0.21587066,0.49362153,0.105772965,-0.5756572066394275,1
982,147.53986,26.427,5.413418,0.88058937,1.2827405,0.12822029,0.25190204,0.43185365,0.18802401,0.0,1
983,29.468582,5.205,0.87802184,0.71508443,1.1631956,0.24557991,0.11241829,0.33273697,0.3092648,0.0,0
984,191.09189,14.405,4.176647,0.52456194,0.89551497,0.16416521,0.14692941,0.5127935,0.17611188,0.4166910665230144,0
985,26.52879,16.647,1.2649405,1.1443633,0.54766667,0.22198962,0.15083688,0.42766517,0.19950837,0.39655567518283963,0
986,239.66034,16.6325,2.6236866,0.2627405,0.87409765,0.23426454,0.1880003,0.39349377,0.18424141,0.5239279200458019,0
987,124.38943,17.795,3.4042406,0.6568225,1.30713,0.2748692,0.17454386,0.3636821,0.18690488,-0.09544761734281987,0
988,24.927685,7.863,0.83873063,0.8075173,0.9415352,0.27100772,0.20156258,0.3880278,0.13940196,0.005408326743514501,0
989,286.3527,22.005,8.465423,0.70951015,0.81856686,0.04933086,0.21391414,0.5266547,0.21010031,0.49545104251213673,1
990,230.45044,25.1925,4.9544,0.5159704,3.194153,0.315852,0.19386593,0.3380793,0.1522028,-0.8487814221953726,1
991,58.055496,12.0075,1.3508713,0.55844694,2.2223346,0.34653547,0.16149876,0.31718668,0.17477906,-0.6629333259862464,0
992,105.42792,10.7,2.3424819,0.5332512,0.913297,0.16757251,0.17261808,0.44849843,0.21131101,0.12172086271535938,0
993,60.929695,17.12,3.6965396,1.4560544,3.9670324,0.26610222,0.24796478,0.2879803,0.19795266,0.0,2
994,206.8248,16.0025,2.7408552,0.31804952,0.84340125,0.24709518,0.21609333,0.4065803,0.1302312,0.0,0
995,194.19557,31.62,5.300732,0.6551003,0.6146302,0.23777173,0.19895147,0.411825,0.15145184,0.0,1
996,57.373,9.75,2.297871,0.96123445,0.9254983,0.06668056,0.18073767,0.5786792,0.17390253,0.0,0
997,65.11333,5.535,0.6041713,0.22269036,1.1244992,0.34831592,0.1683547,0.3144659,0.1688634,-0.39237482893041864,0
998,91.548134,55.189,3.8690126,1.0142894,3.717324,0.30126935,0.1949922,0.33575532,0.16798311,-0.562735862876115,1
999,59.14147,20.129,3.7420073,1.5185313,0.5222309,0.060533848,0.32148284,0.5831377,0.0348457,0.27702381296764145,2
